,Mirai-Default-Profile,GPT4-translations
0,['英語翻訳-参照目的のみ\n\nこれは、日本国外の読者の便宜のためだけに作られた日本語原版の非公式翻訳である。日本語の原文とこの翻訳文の間に齟齬がある場合は、日本語の原文が優先する。\n\n\n\n\n\n会社計算規則第131条の規定により監査役等に報告した事項の通知\n\n\n\n\n\nXX 2019年\n\n有限責任あずさ監査法人\n\n目次\n\n1.品質管理体制\t1\n\n2.トップのトーン\t3\n\n(1)\t品質とリスクマネジメントに対するリーダーシップの責任\t4\n\n3.適切なクライアントとの関連付け\t5\n\n(1)\t顧客および契約の受け入れと継続\t5\n\n(2)\t見込み顧客と契約の承認プロセス\t5\n\n(3)\t継続プロセス\t6\n\n(4)\t脱退\t6\n\n(5)\t顧客ポートフォリオ管理\t6\n\n4.明確な基準と堅牢な監査ツール\t7\n\n(1)\t監査への取り組み\t7\n\n(2)\t独立性・誠実性・倫理性・客観性\t9\n\n5.適任者の採用・育成・配置\t13\n\n(1)\t採用\t14\n\n(2)\t自己啓発\t14\n\n(3)\tインクルーシブ・プログラムとダイバーシティ・プログラム\t14\n\n(4)\t品質および遵守指標を含む評価プロセス\t15\n\n(5)\tパートナーの承認\t15\n\n(6)\t専門職の配置\t15\n\n(7)\tGlobal People Survey (GPS) より\t16\n\n6.優れた技術と質の高いサービス提供への取り組み\t17\n\n(1)\t生涯学習戦略\t17\n\n(2)\tIFRSおよび米国会計基準の適用に関するライセンスおよび必須要件\t17\n\n(3)\t専門家ネットワークへのアクセス\t18\n\n(4)\t相談文化\t18\n\n(5)\tビジネス理解と業界知識の開発\t19\n\n7.効果的かつ効率的な監査の実施\t19\n\n(1)\t継続的な指導、監督、レビュー\t19\n\n(2)\tタイムリーな契約品質管理 (EQC) レビュー担当者\t20\n\n(3)\t報告\t20\n\n(4)\t洞察力とオープンで誠実な双方向コミュニケーション\t21\n\n(5)\t前監事と後任監事との間の連絡\t21\n\n(6)\tクライアントの機密性、情報セキュリティ、およびデータプライバシー\t21\n\n(7)\tリスク関連情報\t21\n\n8.継続的改善への取り組み\t22\n\n(1)\t内部監査・コンプライアンスプログラム\t22\n\n(2)\t外部からのフィードバックと対話\t24\n\n\n\n\n\n\n\n\n品質管理体制\n\n概要\n\nあずさ監査法人は、KPMGの国際的な方針および手続を実施するとともに、金融庁、日本政府、日本公認会計士協会 (JICPA) 、およびその他の規制当局、ならびに公認会計士法、会社法、金融商品取引法、その他の関係法令、日本公認会計士協会の監査に関連する監査基準および品質管理基準、ならびに日本公認会計士協会の監査に関する倫理・実務指針などの地方法が発行する規則および基準に対応するための追加的な方針および手続を採用しています。\n\n\n\n堅牢で一貫した品質管理システムは、高品質なサービスを実行するために不可欠な要件です。したがって、KPMGインターナショナルは、すべての会員企業に適用される品質管理ポリシーを持っています。これらは、KPMGの全スタッフが利用できるKPMGのグローバル品質およびリスク管理マニュアル(グローバルQ&RMマニュアル)に含まれています。\n\n\n\nこれらの方針および手順は、メンバー企業が関連する専門的基準、規制および法的要件を遵守し、状況に応じて適切な報告書を発行することを支援するとともに、メンバー企業の従業員が誠実かつ客観的に行動し、勤勉に業務を遂行することを支援するように設計されている。これらの方針および手続は、国際監査・保証基準審議会が発行した品質管理に関する国際基準1 (ISQC 1) (IAASB) および国際会計士倫理基準審議会が発行した職業会計士倫理規程 (IESBA) に基づいている。これらはいずれも、法定監査やその他の保証業務および関連サービス業務を実施する会員企業に関連している。\n\n\n\nあずさ監査法人は、KPMGの国際的な方針及び手続を実施するとともに、金融庁、日本公認会計士協会及びその他の関連規制当局が発行する規則及び基準並びに適用される法令及び規制要件に対応するための追加的な方針及び手続を採用します。倫理および独立性に関する方針を含むリスクおよび品質に関する方針の修正は、品質およびリスクマネジメントに関する警告に含まれ、電子メールで通知される。'],['英語翻訳-参照用のみ\n\nこれは、日本国外の読者の便宜のために作成された日本語オリジナル版の非公式な翻訳です。日本語オリジナルとこの翻訳の間に相違がある場合は、日本語オリジナルが優先されます。\n\n法人計算規則第131条に基づく法人監査人等への報告事項の通知\n\nXX 2019\n\nKPMG AZSA LLC\n\n\n\n\n\n\n\n\n\n\n\n\n\n\n\n\n\n\n\n\n\n\n\n\n\n\n\n\n\n\n\n\n\n\n\n\n\n目次\n\n1. 品質管理システム\t1\n\n2. トップのトーン\t3\n\n(1)\t品質とリスク管理のリーダーシップ責任\t4\n\n3. 適切なクライアントとの関わり\t5\n\n(1)\tクライアントとエンゲージメントの受け入れと継続\t5\n\n(2)\t見込みクライアントとエンゲージメント受け入れプロセス\t5\n\n(3)\t継続プロセス\t6\n\n(4)\t撤退\t6\n\n(5)\tクライアントポートフォリオ管理\t6\n\n4. 明確な基準と堅牢な監査ツール\t7\n\n(1)\t監査へのアプローチ\t7\n\n(2)\t独立性、誠実性、倫理性、客観性\t9\n\n5. 適切に資格を持った人材の採用、育成、配置\t13\n\n(1)\t採用\t14\n\n(2)\t個人の成長\t14\n\n(3)\tインクルージョンとダイバーシティプログラム\t14\n\n(4)\t品質とコンプライアンス指標を含む評価プロセス\t15\n\n(5)\tパートナーの採用\t15\n\n(6)\t専門家の配置\t15\n\n(7)\t私たちの人々から - グローバル・ピープル・サーベイ（GPS）\t16\n\n6. 技術的卓越性と品質サービス提供への取り組み\t17\n\n(1)\tライフタイム・ラーニング戦略\t17\n\n(2)\tIFRSおよび米国GAAPエンゲージメントに対するライセンスおよび必須要件\t17\n\n(3)\t専門家ネットワークへのアクセス\t18\n\n(4)\tコンサルテーション文化\t18\n\n(5)\tビジネス理解と業界知識の開発\t19\n\n7. 効果的かつ効率的な監査の実施\t19\n\n(1)\t継続的な指導、監督、レビュー\t19\n\n(2)\t適時なエンゲージメント品質管理（EQC）レビュアー\t20\n\n(3)\t報告\t20\n\n(4)\t洞察力のある、オープンで正直な双方向コミュニケーション\t21\n\n(5)\t前任監査人と後任監査人間のコミュニケーション\t21\n\n(6)\tクライアントの機密性、情報セキュリティ、データプライバシー\t21\n\n(7)\tリスク関連情報\t21\n\n8. 持続的な改善への取り組み\t22\n\n(1)\t内部監査およびコンプライアンスプログラム\t22\n\n(2)\t外部からのフィードバックと対話\t24\n\n\n\n\n\n品質管理システム\n\n概要\n\nKPMG AZSAは、KPMGインターナショナルの方針と手順を実施し、金融庁の企業会計審議会、日本政府、日本公認会計士協会（JICPA）およびその他の規制当局が発行する規則および基準、公認会計士法、会社法、金融商品取引法、その他の関連法規、JICPAの監査に関する監査基準および品質管理基準、JICPAの倫理規程および監査に関する実務指針に対処するための追加の方針と手順を採用しています。\n\n堅牢で一貫した品質管理システムは、高品質なサービスを提供する上で不可欠な要件です。したがって、KPMGインターナショナルには、すべてのメンバーファームに適用される品質管理方針があります。これらは、すべてのKPMGスタッフが利用できるKPMGのグローバル品質＆リスク管理マニュアル（グローバルQ＆RMマニュアル）に含まれています。\n\nこれらの方針と関連する手順は、メンバーファームが関連する専門基準、規制および法的要件に準拠し、状況に適した報告書を発行するのを支援するために設計されており、メンバーファームの人員が誠実さと客観性を持って仕事を遂行するのを助けます。これらの方針と手順は、国際監査および保証基準審議会（IAASB）が発行した国際品質管理基準1（ISQC 1）および国際倫理基準審議会（IESBA）が発行した専門会計士の倫理規程に基づいています。これらは、法定監査およびその他の保証および関連サービスエンゲージメントを実施するメンバーファームに関連しています。\n\nKPMG AZSAは、KPMGインターナショナルのポリシーと手順を実施することが求められており、また、金融庁やJICPA、その他の関連規制当局が発行する規則や基準、適用される法律や規制要件に対処するために設計された追加のポリシーと手順を採用しています。リスクおよび品質ポリシーの改訂、倫理および独立性ポリシーを含む、品質およびリスク管理アラートに含まれ、メールで通知されます。']
1,['KPMG AZSAは、電子メール・アラートで指定された変更を実装する必要があり、これは内部監視によってチェックされます。\n\n品質管理とリスク管理は、すべてのあずさ監査法人の責任です。この責任には、日々の活動を実行する際に、企業のポリシーと関連する手順を理解し、遵守する必要性が含まれます。品質管理システムは、KPMGの全従業員に適用されます。\n\nKPMGの品質管理プロセスの多くは部門横断的であり、助言業務にも同様に適用されるが、このセクションの残りの部分では品質監査の実施に焦点を当てる。\n\n\n\n監査品質フレームワーク\n\nあずさ監査法人では、監査の質は、正しい意見に到達することだけではなく、その意見がどのように到達するかにかかっている。監査人のレポートの背後にあるプロセス、思考、および整合性に関するものです。品質監査の結果は、関連する職業上の基準及び適用される法律上及び規制上の要件を遵守して、適切かつ独立した意見を提供することである。\n\nすべての監査専門家が品質監査を実施するために必要な基本的なスキルと行動に集中できるように、KPMG Internationalは監査品質フレームワークを開発しました。このフレームワークでは、KPMG AZSAを含むKPMG加盟全企業で採用されている共通言語を使用して、KPMGネットワークが監査品質を推進すると考えるものを記述し、各KPMG加盟企業のすべての監査専門家が監査品質の提供にどのように貢献しているかを強調します。\n\n\n\nTone at the topは、Audit Quality Frameworkの監査品質の7つの推進要因の中核であり、正しい動作がKPMGネットワーク全体に確実に浸透するよう支援します。他のすべてのドライバは、それぞれが他のドライバを強化することを意図しているので、好循環を作り出します。7つのドライバの詳細については、このレポートの以降のセクションで説明します。\n\n\n\n\n\nトップのトーン\n\nKPMGインターナショナルとKPMGメンバー企業の文化は、KPMGネットワーク全体に正しい態度と行動を浸透させることを可能にする、強固な価値観とサポートポリシーとプロセスによって支えられています。\n\n当社のグローバル・リーダーシップは、地域およびメンバー企業のリーダーと協力して、品質へのコミットメントと最高水準のプロフェッショナル・エクセレンスを確立する上で重要な役割を果たしています。ステークホルダーや投資家が信頼する監査などのサービスを実施する組織にとって、品質、誠実さ、倫理に基づく文化は不可欠です。\n\nKPMG AZSAでは、相談を奨励し、強みとして認識する文化を推進しています。\n\n\n\nトップに立つということは、KPMG AZSAのリーダーシップが、品質、倫理、誠実さに対するコミットメントを示すとともに、そのコミットメントを顧客、ステークホルダー、社会全体に伝えることを意味します。誠実さは、ステークホルダーが期待し、信頼する重要な特性である。これは、KPMGのキー値でもあります「何よりも誠実に行動します」。誠実とは、常に最高の職業基準を守り、質の高い健全な助言を行い、独立性を厳格に維持することを意味します。\n\nKPMGの価値は、長年にわたって明確に成文化されており、KPMG AZSAの実務慣行とコンプライアンス文化に組み込まれています。\n\nKPMGの価値観は、私たちの文化の基盤を形成し、トップのトーンを設定します。また、KPMGのアプローチの基盤を形成し、監査を行い、連携する方法を形成します。KPMGの価値観を明確に社員に伝え、社員のプロセスに組み込んでいます。\n\n\n\nKPMGグローバル行動規範\n\nKPMGの誠実さと品質へのコミットメントは、私たちの行動の中心にあるKPMGの価値観にも表れています。それらは、KPMGの多様で包括的な文化と、適切な個人的および専門的行動へのコミットメントを定義します。KPMGの価値観は、何よりも、KPMGの従業員が誠実に行動し、最高の専門基準を遵守し、健全な助言を提供すると同時に、厳格に独立性を維持し、法令および専門基準を遵守することを強調しています。KPMGの価値はすべての人に明確に伝達され、メンバー企業の人事プロセス (導入、業績向上、報酬) に組み込まれます。\n\nKPMGの価値観に基づくものが、KPMGグローバル行動規範です。\n\nKPMG AZSAを含む加盟企業は、最低限、グローバル行動規範を採択する必要があります。\n\n\n\nあずさ監査法人行動規範'],['KPMG AZSAは、メールアラートで指定された変更を実施することが求められており、これは内部監視を通じて確認されます。\n\n品質管理とリスク管理は、すべてのKPMG AZSAスタッフの責任です。この責任には、日常業務を行う際に、企業のポリシーおよび関連手順を理解し、遵守する必要性が含まれます。品質管理システムは、どこに拠点を置いているかに関係なく、すべてのKPMGスタッフに適用されます。\n\n多くのKPMGの品質管理プロセスは横断的であり、アドバイザリー業務にも同様に適用されますが、このセクションの残りの部分は、品質監査の提供に焦点を当てています。\n\n\n\n監査品質フレームワーク\n\nKPMG AZSAでは、監査品質は正しい意見に達するだけでなく、その意見がどのように達成されるかについても重要です。それは、監査報告書の背後にあるプロセス、思考、および誠実さについてです。品質監査の結果は、関連する専門基準および適用される法律および規制要件に準拠した適切で独立した意見の提供です。\n\nすべての監査専門家が品質監査を提供するために必要な基本的なスキルと行動に集中できるように、KPMGインターナショナルは監査品質フレームワークを開発しました。このフレームワークは、KPMGネットワークが監査品質を駆動すると考えるものを説明するために、KPMG AZSAを含むすべてのKPMGメンバーファームが採用する共通の言語を使用しています。そして、各KPMGメンバーファームのすべての監査専門家が監査品質の提供に貢献する方法を強調しています。\n\n\n\nトップのトーンは、監査品質フレームワークの7つの監査品質ドライバーの中核に位置し、適切な行動がKPMGネットワーク全体に浸透することを確認します。他のすべてのドライバーは、それぞれが他のドライバーを強化することを目的としているため、徳の円を作ります。この報告書の以下のセクションで、7つのドライバーのそれぞれが詳しく説明されています。\n\n\n\nトップのトーン\n\nKPMGインターナショナルおよびKPMGメンバーファームの文化は、強力な価値観および支援ポリシーおよびプロセスに基づいており、これにより、適切な態度と行動がKPMGネットワーク全体に浸透します。\n\nグローバルリーダーシップは、地域およびメンバーファームのリーダーシップと連携して、品質と最高の専門的卓越性への取り組みを確立する重要な役割を果たしています。品質、誠実さ、倫理に基づく文化は、利害関係者や投資家が依存する監査およびその他のサービスを実施する組織にとって不可欠です。\n\nKPMG AZSAでは、相談が奨励され、強みとして認識される文化を推進しています。\n\nトップのトーンは、KPMG AZSAのリーダーシップが品質、倫理、誠実さに対するコミットメントを示し、顧客、利害関係者、および社会全体にそのコミットメントを伝えることを意味します。誠実さは、利害関係者が期待し、依存する重要な特性です。また、KPMGの主要な価値でもあります。「何よりも、誠実に行動する」。誠実さとは、最高の専門基準を常に維持し、適切で良質なアドバイスを提供し、独立性を厳密に維持することを意味します。\n\nKPMGの価値観は、長年にわたって明確に規定されており、KPMG AZSAの業務慣行およびコンプライアンス文化に組み込まれています。\n\nKPMGの価値観は、私たちの文化の基盤であり、トップのトーンを設定します。また、KPMGの監査アプローチの基盤を形成し、私たちがどのように協力して働くかを形作ります。私たちは、KPMGの価値観を明確に伝え、それらを人々のプロセス（入社、業績開発、報酬）に組み込みます。\n\n\n\nKPMGグローバル行動規範\n\nKPMGの誠実さと品質への取り組みは、私たちが物事を行う方法の中心にあるKPMGの価値観に具体化されています。それらは、KPMGの多様で包括的な文化と、適切な個人的および専門的行動への取り組みを定義しています。KPMGの価値観は、何よりも、KPMGの人々が誠実に行動し、最高の専門基準を維持し、適切なアドバイスを提供しながら、独立性を厳密に維持し、法律、規制、および専門基準に準拠することを強調しています。KPMGの価値観は、すべての人々に明確に伝えられ、メンバーファームの人々のプロセス（入社、業績開発、報酬）に組み込まれています。\n\nKPMGの価値観に基づいて、KPMGグローバル行動規範が構築されています。']
2,['「あずさ監査法人行動規範」 は、あずさ監査法人のすべてのパートナー及び従業員に期待される倫理的行動を規定し、あずさ監査法人の共通の信念及び原則である 「あずさ監査法人価値観」 を基礎として構築されています。KPMGのAZSA行動規範は、KPMGの人員に以下を義務付ける我々のコミットメントを規定しています。\n\n適用されるすべての法律、規制、職業上の基準、およびKPMG AZSAポリシーを遵守する;\n\n適切な顧客や第三者と協力する;\n\n品質に焦点を合わせる;\n\nあずさ監査法人の内部、取引先、または当社が取引する公務員による違法または非倫理的な行為を容認しない;\n\n情報を保護する;\n\n公正に競争する;\n\n私たちの人々が並外れた存在になるのを助ける;\n\n責任ある企業市民;\n\n国民の信頼を築く。\n\n\n\nKPMG AZSAの全職員は、以下のことを行う必要があります。\n\n「グローバル行動規範」 および 「KPMG AZSA行動規範」 の双方を遵守し、入社時および入社後は毎年 「行動規範」 の遵守を確認する;\n\n入社時および入社後は毎年、 「行動規範」 に関する定期的な研修を実施しています。\n\n個人は、自分を不快にさせるものやKPMGの価値観と矛盾するものを見たら、声を上げるように奨励される。さらに、KPMGのすべての人は、違法またはKPMGの価値、KPMGのポリシー、適用される法律、規制、または職業上の基準に違反する可能性のある活動を報告する責任があり、報告することが求められています。\n\n倫理・品質問題を社員が報告できるよう、手順を定め、連絡ルートを確立しています。「手を挙げて」 誠意を持って発言する個人に対しては報復が禁止されている。また、KPMGの社内外から掲示された不正リスク(すなわち、不正による重大な虚偽表示のリスク)に関する情報を含むすべての情報は、関連する業務提携先と連絡が取られ、その監査対応が本社に報告されます。\n\nまた、KPMGインターナショナルホットラインは、KPMGのすべてのパートナー、従業員、顧客、およびその他の外部関係者が、KPMGインターナショナル自身、KPMG会員企業、またはKPMG会員企業の上級幹部や従業員の特定の活動分野に関する懸念を秘密裏に報告するためのメカニズムです。KPMG AZSAでは、グローバル・ピープル・サーベイ (GPS) (5. (7) 参照)を通じて、KPMGの価値観がどの程度生きていると社員が感じているかを定期的にモニタリングしています。 \n\n\n品質とリスクマネジメントに対するリーダーシップの責任\n\nKPMG AZSAは、品質、倫理、誠実性へのコミットメントを示すとともに、品質重視の姿勢をお客様、ステークホルダー、社会に伝えています。私たちのリーダーシップは、プロとしての卓越性の最高水準への揺るぎないコミットメントを示し、主要なイニシアチブを支持し、支援することによって、適切なトーンを設定し、先導する上で重要な役割を果たします。\n\n当社のリーダーシップ・チームは、書面およびビデオによるコミュニケーション、チームへのプレゼンテーション、1対1のディスカッションなどの活動を通じて、品質、誠実さ、倫理性に基づく文化の構築に取り組んでいます。\n\nKPMG AZSAでは、以下の担当者が品質管理およびリスク管理の責任を負っています。\n\n\n\n管理パートナー\n\n当社のマネージング・パートナーは、ISQC 1の原則に従い、不正リスクに対する監査対応を含む、KPMG AZSAの品質管理システムに対する最終的な責任を負っています。\n\n\n\n品質担当役員\n\nKPMG AZSAにおける品質管理、リスク管理、およびコンプライアンスのシステムに関する運用上の責任は、品質担当執行役員に委任されています。品質担当執行役員は、総合的な専門的リスク管理および品質管理方針の設定、ならびに企業のコンプライアンスのモニタリングを担当します。\n\nマネージング・パートナーと品質担当役員は、内部会議やニュースレターを通じて、品質管理システムに関する当社の内部方針、監査品質を優先する行動とメッセージを専門家に伝えます。\n\nエンゲージメントパートナーは、関与する各エンゲージメントの品質とリスク管理に責任を持ちます。\n\n\n\n適切なクライアントとの関連付け\n\n顧客および契約の受け入れと継続\n\n監査の質を管理するための鍵の1つは、クライアントの性質と直面する問題を理解し、特定されたリスクに対する強固な監査対応を構築することである。\n\n顧客は仕事の質や評判に関係していると理解しています。'],['メンバーファーム、KPMG AZSAを含む、は、最低限、グローバル行動規範を採用することが求められています。\n\n\n\nKPMG AZSA行動規範\n\nKPMG AZSA行動規範は、KPMG AZSAのすべてのパートナーと従業員に対する倫理的行動の期待を示し、KPMGの価値観、KPMGの信念と原則の共有セットを基盤としています。また、KPMG AZSA行動規範は、各パートナーと従業員が、自分の職務機能と責任レベルに適用される法的、専門的、倫理的基準を遵守する個人的責任を強調しています。KPMG AZSA行動規範は、私たちのコミットメントを示し、要約すると、KPMGの人員に以下のことを求める規定を含んでいます。\n\nすべての適用法、規制、専門基準、およびKPMG AZSAの方針を遵守する;\n\n適切なクライアントや第三者と協力する;\n\n品質に重点を置く;\n\nKPMG AZSA内で行われた違法行為や不正行為、クライアントやサプライヤーによる違法行為や不正行為、取引する公務員による違法行為や不正行為を容認しない;\n\n情報を保護する;\n\n公正に競争する;\n\n私たちの人々を卓越した存在にする手助けをする;\n\n責任ある企業市民である;\n\n公の信頼を築く。\n\n\n\nすべてのKPMG AZSAの人員は、以下を行うことが求められます。\n\nグローバル行動規範およびKPMG AZSA行動規範を遵守し、入社時およびその後毎年、行動規範の遵守を確認する;\n\n入社時およびその後毎年、行動規範に関する定期的な研修を受ける。\n\n個人は、自分が不快に感じることやKPMGの価値観と矛盾することを見たときに声を上げることが奨励されています。また、KPMGのすべての人々は、報告する責任があり、違法行為やKPMGの価値観、KPMGの方針、適用法、規制、専門基準に違反する可能性のある活動を報告することが求められています。\n\n私たちは、倫理的および品質問題を報告できる手続きとコミュニケーションチャネルを確立しています。善意で手を挙げて声を上げる個人に対する報復は禁止されています。また、KPMGの内部および外部の関係者からの詐欺リスク（つまり、詐欺による重要な誤りのリスク）に関連する情報は、関連するエンゲージメントパートナーに伝えられ、その監査対応が本社に報告されることになっています。\n\nさらに、KPMGインターナショナルホットラインは、KPMGのパートナー、従業員、クライアント、および他の外部関係者が、KPMGインターナショナル自体、KPMGメンバーファーム、またはKPMGメンバーファームの上級リーダーシップまたは従業員による特定の活動領域に関連する懸念を機密で報告できる仕組みです。KPMG AZSAでは、Global People Survey（GPS）（セクション5.（7）を参照）を通じて、私たちの人々がKPMGの価値観をどの程度実践しているかを定期的に監視しています。\n\n\n\n品質とリスク管理のリーダーシップ責任\n\nKPMG AZSAは、品質、倫理、誠実さへのコミットメントを示し、クライアント、ステークホルダー、社会に品質への焦点を伝えます。リーダーシップは、適切なトーンを設定し、模範となる行動を示すことで重要な役割を果たし、最高水準の専門的卓越性への揺るぎないコミットメントを示し、主要なイニシアチブを支援しています。\n\nリーダーシップチームは、品質、誠実さ、倫理に基づく文化を築くことにコミットしており、その行動（書面およびビデオコミュニケーション、チームへのプレゼンテーション、1対1のディスカッション）を通じて示しています。\n\n以下の個人が、KPMG AZSAで品質とリスク管理のリーダーシップ責任を持っています。\n\n\n\nマネージングパートナー\n\nISQC1の原則に従って、マネージングパートナーは、KPMG AZSAの品質管理システム、詐欺リスクへの監査対応を含む最終責任を負っています。\n\n\n\n品質担当の執行役員\n\nKPMG AZSAの品質管理システム、リスク管理、コンプライアンスの運用責任は、品質担当の執行役員に委任されており、全体的な専門的リスク管理および品質管理方針の策定とファームのコンプライアンス監視を担当しています。\n\nマネージングパートナーと品質担当の執行役員は、内部会議やニュースレターを通じて、品質管理システムに関する内部方針、監査品質を優先する行動とメッセージを専門家に伝えています。\n\nエンゲージメントパートナーは、関与する各エンゲージメントの品質とリスク管理を担当しています。\n\n\n\n適切なクライアントとの関与\n\nクライアントおよびエンゲージメントの受け入れと継続']
3,['厳格なクライアントと契約の承認と継続のポリシーとプロセスは、KPMGの評判を保護し、KPMGブランドをサポートし、高品質のプロフェッショナルサービスを提供する当社の能力の重要な部分です。したがって、KPMGインターナショナルは、顧客との関係を受け入れるか継続するか、およびその顧客のために特定の契約を履行するかどうかを決定するために、すべての会員企業が実施する必要があるポリシーと手順を確立しています。\n\n\n\n見込み顧客と契約の承認プロセス\n\nKPMG AZSAは、すべての見込み顧客の評価を行います。\n\nこれには、見込みのあるクライアント、そのキー管理者、および重要な有益な所有者のバックグラウンドチェックが含まれており、情報を適切に分析して、十分な情報を得た上で受け入れ決定を下すことができます。この評価には、クライアントのリスク・プロファイルを評価するためのアンケートの記入と、クライアント、その主要な経営陣、取締役、所有者に関する背景情報の取得が含まれます。また、地域の法律や規制の要件を満たすために必要な追加情報も入手します。\n\n第2のパートナーは、評価パートナーと同様に、各クライアント候補の評価を承認します。クライアントが 「ハイリスク」 と見なされる場合は、リスク管理パートナー、場合によってはオフィスのマネージングパートナー、または品質担当の理事会メンバーによる追加承認が必要です。\n\n\n\n契約評価\n\nまた、各契約の見込みについても評価し、契約に関連する潜在的なリスクを特定します。この評価では、潜在的な独立性と利益相反の問題(SentinelTM、KPMGのコンフリクトと独立性チェックシステムの使用)、契約成果物の目的と使用、契約の種類に固有の要因など、さまざまな要因が考慮されます。監査サービスについては、クライアントの財務管理チームの能力、スタッフに割り当てられたスタッフのスキルと経験、不正リスクなどが含まれます。評価は、他のKPMG AZSAの上級職員と協議して行われ、必要に応じて品質及びリスクマネジメントのリーダーシップによるレビューを含む。\n\n監査サービスが初めて提供される場合、見込みのあるエンゲージメントチームは、クライアントに提供される非監査サービス、およびその他の関連するビジネス上および個人的な関係のレビューを含む、追加の独立性評価手順を実行する必要があります。\n\n同様の独立性評価は、既存の監査クライアントが公益事業体となった場合、又はクライアントの状況の変化に伴い追加的な独立性制限が適用された場合に実施される。我々は、特定の手続(詳細はセクション4. (2) 7)に従い、公益事業体である潜在的な監査依頼者の独立性に対する脅威を特定し、評価する。\n\n潜在顧客の全体的なリスク評価と契約に応じて、特定されたリスクを軽減するための追加的な予防措置が導入されることがある。潜在的な独立性または利益相反の問題は、承認前に文書化して解決する必要があります。 \n\n潜在的な独立性や紛争の問題が、専門家の基準や当社の方針に従って満足のいく形で解決できない場合、または適切に緩和できないその他の品質やリスクの問題がある場合、潜在的な顧客や契約は拒否されます。\n\n\n\n継続プロセス\n\nあずさ監査法人は、すべての監査クライアントの年次再評価を行います。再評価では、継続的な関連付けと、実施する必要がある軽減手順に関連する問題を特定します。\n\n反復的または長期的な非監査契約も再評価の対象となる。さらに、リスクプロファイルに変更の可能性が示唆される場合には、顧客および契約を再評価する必要がある。\n\n\n\n脱退\n\n契約または顧客との関係から撤退すべきであることを示す情報を入手した場合、社内で協議し、必要な法的、専門的、および規制上の責任を特定します。また、必要に応じて、ガバナンスや適切な権限を持つ担当者とのコミュニケーションを図っています。\n\n\n\n顧客ポートフォリオ管理\n\n弊社のリーダーシップは、各業務の役割を果たすための適切な能力、時間、権限を持つエンゲージメントパートナーを指名します。\n\n我々は、少なくとも年1回、監査パートナーとの個別の議論において、各監査パートナーの顧客ポートフォリオをレビューする。レビューでは、各クライアントの品質監査を実施するパートナーの能力、能力、能力とともに、クライアントポートフォリオ全体の業界、性質、リスクを考慮します。'],['監査品質を管理するための鍵は、クライアントの性質と彼らが直面する問題を理解し、特定されたリスクに対する強力な監査対応を構築することです。\n\n私たちは、クライアントが私たちの仕事の品質と評判に関連していることを理解しています。\n\n厳格なクライアントおよびエンゲージメントの受け入れおよび継続ポリシーとプロセスは、KPMGの評判を保護し、KPMGブランドをサポートし、高品質の専門サービスを提供する能力の重要な部分を支えています。したがって、KPMGインターナショナルは、すべてのメンバーファームがクライアントとの関係を受け入れるか継続するか、そのクライアントに対して特定のエンゲージメントを実行するかどうかを決定するために実施する必要があるポリシーと手順を確立しました。\n\n見込みクライアントおよびエンゲージメント受け入れプロセス\n\nKPMG AZSAは、すべての見込みクライアントを評価します。\n\nこれには、見込みクライアント、その主要な経営陣、および重要な有益所有者に対するバックグラウンドチェックが含まれ、適切に情報を分析して受け入れ決定を行うことができます。この評価には、クライアントのリスクプロファイルを評価するためのアンケートの記入と、クライアント、その主要な経営陣、取締役、および所有者に関する背景情報の取得が含まれます。また、地域の法的および/または規制要件を満たすために必要な追加情報も取得します。\n\n評価パートナーと同様に、2番目のパートナーが各見込みクライアントの評価を承認します。クライアントが「高リスク」と見なされる場合、リスク管理パートナー、場合によってはオフィスマネージングパートナー、または品質担当のエグゼクティブボードメンバーによる追加の承認が必要です。\n\nエンゲージメント評価\n\n各見込みエンゲージメントも、エンゲージメントに関連する潜在的なリスクを特定するために評価されます。この評価には、潜在的な独立性および利益相反の問題（Sentinel™、KPMGの利益相反および独立性チェックシステムを使用）、エンゲージメント成果物の目的および使用、およびエンゲージメントの種類に特有の要因など、さまざまな要因が考慮されます。監査サービスの場合、これにはクライアントの財務管理チームの能力、エンゲージメントのスタッフに割り当てられた人員のスキルと経験、および詐欺リスクが含まれます。評価は、他の上級KPMG AZSA職員と協議し、必要に応じて品質およびリスク管理リーダーシップによるレビューを含みます。\n\n初めて監査サービスが提供される場合、見込みエンゲージメントチームは、クライアントに提供された非監査サービスおよび他の関連するビジネスおよび個人関係のレビューを含む、追加の独立性評価手順を実行する必要があります。\n\n既存の監査クライアントが公共利益法人になるか、クライアントの状況の変更に伴って追加の独立性制限が適用される場合も、同様の独立性評価が実施されます。公共利益法人である見込み監査クライアントに対して独立性への脅威を特定および評価するための特定の手順（セクション4.（2）⑦で詳細に説明）に従います。\n\n見込みクライアントおよびエンゲージメントの全体的なリスク評価に応じて、特定されたリスクを軽減するための追加のセーフガードが導入される場合があります。潜在的な独立性または利益相反の問題は、受け入れ前に文書化および解決する必要があります。\n\n潜在的な独立性または利益相反の問題が、専門基準および当社のポリシーに従って満足のいく方法で解決できない場合、または他の品質およびリスク問題が適切に軽減できない場合、見込みクライアントまたはエンゲージメントは拒否されます。\n\n継続プロセス\n\nKPMG AZSAは、すべての監査クライアントを毎年再評価します。再評価では、継続的な関連性に関する問題と、実施する必要がある緩和手順を特定します。\n\n定期的または長期間続く非監査エンゲージメントも再評価の対象となります。また、クライアントおよびエンゲージメントのリスクプロファイルに変更がある可能性があることを示す指標がある場合、再評価が必要です。\n\n撤退\n\nエンゲージメントまたはクライアント関係から撤退すべきことを示す情報を入手した場合、社内で相談し、必要な法的、専門的、および規制上の責任を特定します。また、必要に応じて、ガバナンスおよび適切な権限に関与する者と連絡を取ります。\n\nクライアントポートフォリオ管理']
4,"['明確な基準と堅牢な監査ツール\n\nKPMG AZSAのすべての専門家は、KPMG InternationalおよびKPMG AZSAの方針および手続き (独立性に関する方針を含む) を遵守するものとします。これらの期待に応えるために、さまざまなツールとガイダンスが提供されています。\n\n監査契約のために設定された方針と手続きは、会計、監査、倫理、および品質管理基準、ならびにその他の関連法令の関連要件を含んでいる。\n\n\n\n監査への取り組み\n\nKPMGは、ネットワークの監査機能の進化に多大な投資を行ってきており、KPMG Claraプラットフォームを通じて提供される新しいグローバル電子監査ワークフロー (KPMGのスマートなモジュラー監査プラットフォーム) を含め、今後数年にわたってそれを継続します。このワークフローは、データ、自動化、および視覚化を活用する高度な機能を組み込み、新しいテクノロジーとの継続的な統合が可能です。データ&アナリティクス (D&A) は、KPMGのメンバー企業が監査証拠を入手し、デジタル時代の顧客と交流する方法に不可欠です。\n\nKPMGの高品質な監査プロセスには、引き続き以下が含まれます。\n\n契約期間中のパートナーとマネージャのタイムリーな関与;\n\n専門家の関与、研修および経験要件、関連業界の専門知識を含む適切な知識へのアクセス;\n\n監査中に得られたすべての監査証拠の重要な評価、適切な専門的判断の行使;\n\nエンゲージメントチームの継続的な指導、監督、レビュー。\n\n\n\n一貫した監査手法とツール\n\nKPMGの標準とツールを完全かつ最新の状態に保つために、多くのリソースが費やされています。グローバル・サービス・センター (GSC) が開発したKPMG監査手法は、国際監査基準 (ISA) の要件に基づいています。KPMGの監査方法はKPMG Audit Manual (KAM) に記載されており、監査の質を高めるとKPMG Internationalが考えるISAを超えた追加要件が含まれています。この方法論は、監査手続の実施において適切な専門家としての疑いを適用することを重視しており、独立性を含む関連する倫理的要件の遵守を要求している。監査手法、ガイダンス、ツールの強化は、標準、新たに注目される監査分野、監査の品質結果(社内外)に準拠するように定期的に行われる。主なトピックは、会計上の見積り、内部統制、収益認識、グループ監査、監査サンプリング、リスク評価などです。\n\n\n\nKPMGメンバー企業は、追加の専門的要件、法律上の要件、または規制上の要件に準拠するために、地域の要件および/またはガイダンスをKAMに追加することができます。\n\nKAMには、とりわけ重大な虚偽記載のリスクを特定し評価するための手順と、評価されたリスクに対応するための手順に関する事例とガイダンスが含まれている。\n\nKPMGの監査方法論は、適切な場合には専門家の利用を奨励し、また、一定の基準が満たされた場合、又は監査チームが適切又は必要と考える場合には、中核監査業務チームに関連する専門家の関与を要求する。\n\nKAMに規定された方針と手順は、監査に固有のものであり、KPMGの全メンバー企業、機能、職員に適用されるグローバルQ&RMマニュアルに規定された方針と手順を補足するものである。\n\nKPMG監査ワークフローは、アクティビティベースのワークフローであるeAudITと電子監査ファイルによって実現されます。eAudITは、75,000名以上のプロフェッショナルが高品質で一貫性のある監査を実施できるようにする、KPMGの監査ドキュメント・ワークフローです。eAudITは、KPMGの監査手法、ガイダンス、業界知識、および実施した監査作業の実行と文書化に必要なツールを統合します。\n\neAudITは、監査される組織の性質に応じて、また、専門的基準及び適用される法律上及び規制上の要件に従って、関連する要件及びガイダンスを示すように 「拡張」 することができる。監査ガイダンス、専門的な基準、ドキュメントテンプレートに直接アクセスできます。\n\nKPMGの監査方法論 (KAM) とワークフローツール (eAudIT) の改訂と強化のために多額の投資が行われており、KPMG Clara Workflowは2018年に試験的に導入され、2019年には全世界での初期導入、2020年からは完全導入が予定されています。\n\n\n\nKPMG Clara、KPMG Clara WorkflowおよびAudit Data&Analytics (D&A)']","['当社のリーダーシップは、各エンゲージメントに対して適切な能力、能力、時間、および権限を持つエンゲージメントパートナーを任命します。\n\n監査パートナーのクライアントポートフォリオは、監査パートナーとの個別の会話で少なくとも年1回レビューされます。レビューでは、クライアントポートフォリオ全体の業界、性質、およびリスクと、パートナーがすべてのクライアントに対して品質の高い監査を提供する能力、能力、および容量が考慮されます。\n\n明確な基準と堅牢な監査ツール\n\nすべてのKPMG AZSAプロフェッショナルは、KPMGインターナショナルおよびKPMG AZSAのポリシーおよび手順、独立性ポリシーを含む、これらの期待に応えるために、さまざまなツールとガイダンスが提供されます。\n\n監査エンゲージメントのために設定されたポリシーと手順は、会計、監査、倫理、品質管理の基準、およびその他の関連する法律および規制の関連要件を組み込んでいます。\n\n監査へのアプローチ\n\n監査へのアプローチ\n\nKPMGは、ネットワークの監査能力を進化させるために大幅な投資を行っており、今後もKPMGクララプラットフォームを通じて提供される新しいグローバル電子監査ワークフローを含む、データ、自動化、可視化を活用した高度な機能を組み込んだ新技術や新興技術を継続的に統合できるスマートでモジュール式の監査プラットフォームであるKPMGクララプラットフォームの開発に取り組んでいます。データ＆アナリティクス（D&A）は、KPMGメンバーファームが監査証拠を入手し、デジタル時代のクライアントとやり取りする方法に不可欠です。\n\nKPMGの高品質な監査プロセスは、引き続き以下を含みます。\n\nエンゲージメント全体を通じたタイムリーなパートナーとマネージャーの関与;\n\n適切な知識へのアクセス、専門家の関与、研修と経験の要件、関連する業界の専門知識を含む;\n\n監査中に入手したすべての監査証拠の批判的評価、適切な専門的判断の行使;\n\nエンゲージメントチームの継続的な指導、監督、レビュー。\n\n\n\n一貫した監査方法論とツール\n\nKPMGの基準とツールを完全かつ最新の状態に保つために、多くのリソースが投入されています。KPMGの監査方法論は、グローバルサービスセンター（GSC）が開発し、国際監査基準（ISA）の要件に基づいています。KPMG監査マニュアル（KAM）に記載されているKPMGの監査方法論には、ISAを超える追加の要件が含まれており、KPMGインターナショナルは監査品質を向上させると考えています。方法論は、監査手続きの実施において適切な専門的懐疑心を適用することを強調し、関連する倫理的要件（独立性を含む）の遵守を求めています。監査方法論、ガイダンス、ツールの改善は、標準、新興監査の焦点領域、監査品質結果（内部および外部）に準拠して定期的に行われます。主要なトピックには、会計見積もり、内部統制、収益認識、グループ監査、監査サンプリング、リスク評価が含まれます。\n\n\n\nKPMGメンバーファームは、KAMに追加の専門的、法的、規制上の要件に準拠するためのローカル要件および/またはガイダンスを追加することができます。\n\nKAMには、重要な誤りのリスクを特定および評価する手続きや、評価されたリスクに対応する手続きなどの例やガイダンスが含まれています。\n\nKPMGの監査方法論は、適切な場合に専門家の使用を奨励し、また、特定の基準が満たされている場合や、監査チームが適切または必要と判断する場合には、コア監査エンゲージメントチームに関連する専門家の関与を求めています。\n\nKAMに記載されている方針と手続きは、監査に特化しており、すべてのKPMGメンバーファーム、機能、および人員に適用されるグローバルQ＆RMマニュアルに記載されている方針と手続きを補完しています。\n\nKPMGの監査ワークフローは、eAudITというアクティビティベースのワークフローおよび電子監査ファイルを通じて実現されています。eAudITは、KPMGの監査方法論、ガイダンス、業界知識、および監査業務の実行と文書化に必要なツールを統合したKPMGの監査文書化ワークフローであり、75,000人以上の専門家が高品質で一貫した監査を完了することができます。']"
5,['KPMGインターナショナルは、監査の質の向上、監査の実施における一貫性の促進、メンバー企業と契約のグローバルな監視の強化のために多大な投資を行っています。\n\n\n\nクララ\n\n2017年、KPMG InternationalはKPMG Claraのグローバルな立ち上げを開始しました。KPMGのSmart Audit Platformは、KPMGのAudit Data&Analytics (D&A) 機能、革新的な新技術、コラボレーション機能、および監査ワークフローを統合したものです。\n\nこれは、KPMGの次のような目標を表しています。\n\n最新のテクノロジ対応の新しいインターフェイスとコラボレーション機能を使用して、従業員とクライアントの監査実行を変換;\n\n監査をデジタル化して新しいD&Aルーチンを提供するために必要な機能を統合する;\n\n強化され再設計されたワークフローを有効にする;\n\nエンゲージメントレベルおよびエンゲージメントポートフォリオ全体にわたるモニタリング能力の開発を組み込み、エンゲージメントチームやメンバー企業が利用できるようにする;\n\nグローバル・リーダーシップによるメンバー企業の品質管理システムの有効性の監視を支援する;\n\n拡張可能な監査プラットフォームを開発し、メンバー企業のカスタマイズと拡張、および将来の機能を可能にする。\n\n\n\n\n\nKPMG Claraワークフロー\n\n2017年のKPMG Claraのローンチに基づき、KPMG Internationalは、KPMG監査チームがKPMG監査を実行し、文書化するために使用する新しいワークフローツールを作成しています。直感的で使いやすく、モダンなデザインになります。この新しいシステムは、監査チームを論理的な順序で一連のステップに導くワークフローであり、必要なときに必要な情報とビジュアル、知識とガイダンスをより明確に表示し、高度なD&A機能を組み込みます。ワークフローと方法論も拡張可能であり、監査業務の規模と複雑さに合わせて要件を調整できます。このグローバルに推進されるプロジェクトは、KPMGの専門家による監査の実施を大幅に見直し、再設計し、監査の質の向上を推進します。\n\n\n\n監査データと分析 (D&A)\n\nD&AによるKPMGの監査:\n\nデータの母集団をより深く理解し、リスクの高いトランザクションに焦点を当てることで、監査の質を向上させます。\n\n移動中のデータとKPMGのIT環境内のデータの両方へのアクセスを制限するため、安全です。\n\nこれは、異常値と異常値の背後にある原因と根本原因を明らかにするための詳細な分析を容易にすることで透明性を提供し、リスクの高いトランザクションとプロセス領域の可視性を高める。\n\nD&Aツールとルーチンは、監査の基礎となる原則と専門的基準に基づいて構築されており、監査人の責任を免除するものではない。\n\n\n\n独立性・誠実性・倫理性・客観性\n\n概要\n\n監査人の独立性は、国際的な職業基準および規制要件の基礎である。\n\nKPMGインターナショナルは、IESBA倫理規定の要件を取り入れた、詳細な独立方針と手続を持っています。これらはKPMGのグローバルQ&RMマニュアルに記載されています。自動化されたツールにより、これらの要件へのコンプライアンスが容易になります。 \n\nこれらの方針は、公認会計士法及び日本公認会計士協会が発行する倫理規則が発行する基準を遵守することを確保するための他のプロセスによって補足される。\n\nこれらの方針とプロセスは、企業の独立性、個人の独立性、企業の財務関係、雇用後の関係、パートナーのローテーション、監査および非監査サービスの承認などの分野をカバーしています。\n\nKPMGインターナショナルには、グローバル独立性グループのパートナー担当者がおり、専門家のコアチームの支援を受けて、KPMGのメンバー企業に強固で一貫性のある独立性ポリシーと手続きを確実に導入し、これらの要件を満たすためのツールを提供しています。\n\nあずさ監査法人は、倫理独立性パートナー (EIP) を選任しており、その責任者は、倫理独立性に関する方針および手続の指示および執行について主要な責任を負います。\n\nKPMGインターナショナルの倫理および独立方針の改訂は、定期的な品質およびリスクコミュニケーションに含まれます。\n\nメンバー企業は、電子メールアラートに指定された変更を実施する必要があり、これは内部監視プログラムによってチェックされる。'],['eAudITは、監査対象となるエンティティの性質に応じて、および専門的な基準および適用可能な法的および規制上の要件に従って、関連する要件とガイダンスを提示するように「スケール」することができます。監査ガイダンス、専門基準、および文書化テンプレートへの直接アクセスが提供されます。\n\nKPMG監査方法論（KAM）およびワークフローツール（eAudIT）の改訂および強化に向けた大規模な投資が進行中であり、2018年に試験運用されたKPMGクララワークフローの導入が、2019年に初期導入が予定され、2020年から本格導入が開始される予定です。\n\n\n\nKPMGクララ、KPMGクララワークフロー、および監査データ＆アナリティクス（D&A）\n\nKPMGインターナショナルは、監査品質の向上、監査の実施における一貫性の確保、およびメンバーファームおよびグローバルなエンゲージメントの監視の強化に向けて、大幅な投資を行っています。\n\n\n\nKPMGクララ\n\n2017年、KPMGインターナショナルは、KPMGの監査データ＆アナリティクス（D&A）機能、革新的な新技術、コラボレーション機能、および監査ワークフローを統合したKPMGクララ（KPMGのスマート監査プラットフォーム）のグローバル展開を開始しました。\n\nこれは、KPMGの以下の野心を表しています。\n\n新しい、現代的な技術を活用したインターフェースとコラボレーション機能を通じて、当社の人々とクライアントの監査実施を変革する;\n\n監査をデジタル化し、新しいD&Aルーチンを提供するために必要な機能を統合する;\n\n強化され、再設計されたワークフローを実現する;\n\nエンゲージメントレベルおよびエンゲージメントポートフォリオ全体での監視機能の開発を、エンゲージメントチームおよびメンバーファームが使用するために組み込む;\n\nグローバルリーダーシップがメンバーファームの品質管理システムの効果を監視することを支援する;\n\nメンバーファームのカスタマイズとスケール、および将来の機能を可能にする拡張可能な監査プラットフォームを開発する。\n\n\n\n\n\nKPMGクララワークフロー\n\n2017年のKPMGクララの立ち上げを受けて、KPMGインターナショナルは、KPMG監査チームがKPMG監査を実行および文書化するために使用する新しいワークフローツールを作成しています。直感的で使いやすく、モダンなデザインです。新しいシステムは、監査チームを一連のステップで論理的に案内するワークフローであり、情報やビジュアルの表示がより明確で、必要に応じて知識やガイダンスが利用でき、高度なD&A機能が組み込まれています。ワークフローと方法論はスケーラブルであり、監査エンゲージメントの規模と複雑さに応じて要件を調整します。このグローバルに推進されるプロジェクトは、KPMGプロフェッショナルによる監査の実行を大幅に刷新し、監査品質の向上を促進します。\n\n監査データ＆アナリティクス（D&A）\n\nKPMGの監査は、D&Aによって強化されています。\n\nデータ集団に対する理解を深め、高リスク取引に焦点を当てることで監査品質が向上します。\n\nKPMGのIT環境内およびデータ転送中のアクセス制限により、セキュリティが確保されています。\n\n詳細な分析により、外れ値や異常の背後にある理由や根本原因を明らかにし、高リスク取引やプロセス領域の可視性を向上させることで透明性が提供されます。\n\nD&Aツールとルーチンは、監査に関する原則と専門的な基準に基づいて構築されており、監査人の責任を免除するものではありません。\n\n独立性、誠実性、倫理、客観性\n\n概要\n\n監査人の独立性は、国際的な専門基準と規制要件の基石です。\n\nKPMGインターナショナルは、IESBAの倫理規定の要件を取り入れた詳細な独立性ポリシーと手順を持っており、KPMGのグローバルQ＆RMマニュアルに記載されています。自動化ツールがこれらの要件の遵守を支援します。\n\nこれらのポリシーは、公認会計士法およびJICPAが発行する倫理規定によって発行された基準の遵守を確保するための他のプロセスによって補完されています。\n\nこれらのポリシーとプロセスは、事業の独立性、個人の独立性、事業の財務関係、雇用後の関係、パートナーのローテーション、監査および非監査サービスの承認などの分野をカバーしています。']
6,['あずさ監査法人は、当監査法人の内部規則に定める事項について、監査法人と協議することが求められる。また、事実や状況によっては、グローバル・インディペンデンス・グループとの協議が必要となる場合もあります。\n\n\n\n個人の経済的自立\n\nKPMGの国際的な方針では、KPMGのメンバー企業とKPMGの専門家は、KPMGのメンバー企業の監査クライアント、その経営陣、取締役、および重要な所有者に対する禁止された金銭的利益、および禁止された関係から自由であることが要求されています。また、本方針は、監査クライアント証券の所有に関するIESBA倫理規定の制限を、メンバー企業のいかなる監査クライアントについても、当社のすべてのパートナーおよびマネージャー等級以上のすべてのスタッフに拡大します。\n\nKPMG AZSAの専門家は、独立性のために制限されている個人的な金銭的、事業的、または家族的利益がないことを確保するために、適切な調査を行い、その他の適切な措置を継続的に講じる責任があります。\n\nKPMGの他の会員企業と同様に、ウェブベースの独立性コンプライアンスシステム (KICS) を使用して、プロフェッショナルが個人の独立性投資ポリシーを遵守できるよう支援しています。このシステムには、公開されている投資の目録が含まれています。\n\nパートナーおよびマネージャー級以上の顧客対応スタッフは、投資を行う前にKICSシステムを使用して、その使用が許可されているかどうかを確認する必要があります。また、KICSへのすべての投資の記録を保持する必要があります。この記録は、その後投資が制限された場合に自動的に通知されます。新たに制限された投資は、通知後5営業日以内に処分しなければならない。\n\nKPMGは、専門家のサンプルを対象とした独立性コンプライアンス監査プログラムの一環として、パートナーおよびマネージャーがこの要件を遵守しているかどうかを監視します。\n\n\n\n雇用関係\n\n監査クライアントにサービスを提供する専門家は、その監査クライアントと雇用交渉を開始しようとする場合は、職務に関係なく、EIP、監査クライアントの契約パートナー、および人事部門に通知する必要があります。\n\n監査チームの元メンバーまたはKPMG AZSAの元パートナーは、固定および決定されていない支払い、および/またはKPMG AZSAにとって重要であると思われる支払いを含む、KPMG AZSAとのすべての重要な関係を絶ち、KPMG AZSAの事業活動および専門的活動に参加しなくなった場合を除き、特定の役割において監査クライアントに参加することを禁じられています。\n\n主要な監査パートナーおよび公益団体である監査クライアントの指揮命令系統のメンバーは、時間制限(クーリングオフ期間という)の対象となるため、一定の期間が経過するまで特定のロールでそのクライアントに参加できません。\n\n監査クライアントによるKPMG AZSAプロフェッショナルの雇用に関する要求事項を伝達し、監視します。\n\n\n\n企業の財務的自立\n\nまた、KPMG会員企業は、監査クライアント、その経営陣、取締役、および重要な所有者に対する禁止された利害および禁止された関係から自由でなければなりません。\n\n他のKPMG会員企業と同様に、KPMG AZSAはKICSを使用して、Webベースの独立性追跡システムにKPMG自身の投資(年金・退職金制度や財務活動などを通じて行われる)を記録します。この記録は、コンプライアンス・プロセスを通じて監視されます。\n\n\n\n取引先\n\nあずさ監査法人は、IESBA倫理規則、日本公認会計士法、JICPAおよびSECが発行する倫理規則、米国PCAOB規則の要件に従って、取引関係が維持されるように設計された方針と手順を定めています。\n\n\n\n独立クリアランスプロセス\n\nKPMG AZSAは、公益事業体である見込み監査クライアントに関連する独立性に対する脅威を特定し、評価するための具体的な手順に従っています。「独立性の承認プロセス」 とも呼ばれるこれらの手続きは、これらの機関の監査契約を受け入れる前に完了しなければならない。\n\n\n\n自立訓練と確認'],['KPMGインターナショナルには、グローバル独立性グループの責任者であるパートナーがおり、KPMGメンバーファームで堅牢で一貫した独立性ポリシーと手順が確立され、それらの要件を遵守するためのツールが利用できるように、専門家チームがサポートしています。\n\nKPMG AZSAには、倫理および独立性パートナー（EIP）が指定されており、倫理および独立性ポリシーおよび手順の方向性と実行を主に担当しています。\n\n年間を通じてKPMGインターナショナルの倫理および独立性ポリシーに対する修正は、定期的な品質およびリスク通信に含まれています。\n\nメンバーファームは、電子メールアラートで指定された変更を実施する必要があり、これは内部監視プログラムを通じて確認されます。\n\nKPMG AZSAの職員は、内部規則で定められた事項についてEIPに相談することが求められます。事実や状況によっては、グローバル独立性グループとの相談も必要になる場合があります。\n\n個人の財政独立\n\nKPMGインターナショナルのポリシーでは、KPMGメンバーファームおよびKPMGプロフェッショナルが、KPMGメンバーファームの監査クライアント、その経営陣、取締役、および重要な所有者との禁止された金融利益および禁止された関係から解放されることが求められています。また、ポリシーは、IESBAの倫理規定による監査クライアント証券の所有制限を、当社のすべてのパートナーおよびマネージャー以上のスタッフに適用しています。\n\nKPMG AZSAのプロフェッショナルは、継続的に適切な問い合わせを行い、他の適切な行動を取ることにより、独立性の目的で制限されている個人の財政、ビジネス、または家族の利益を持っていないことを確認する責任があります。\n\n他のKPMGメンバーファームと同様に、私たちは独立性遵守システム（KICS）というウェブベースのシステムを使用して、プロフェッショナルが個人の独立性投資ポリシーを遵守するのを支援しています。このシステムには、一般に入手可能な投資の在庫が含まれています。\n\nパートナーおよびすべてのマネージャー以上のクライアント対応者は、投資を行う前にKICSシステムを使用して、それが許可されているかどうかを特定する必要があります。また、KICSで自分のすべての投資の記録を維持することも求められます。これにより、投資が制限されると自動的に通知されます。新たに制限された投資は、通知から5営業日以内に処分する必要があります。\n\nKPMGは、プロフェッショナルのサンプルに対する独立性遵守監査のプログラムの一環として、パートナーおよびマネージャーのこの要件の遵守を監視しています。\n\n雇用関係\n\n監査クライアントにサービスを提供するプロフェッショナルは、機能に関係なく、その監査クライアントとの雇用交渉に入る予定である場合、EIP、監査クライアントのエンゲージメントパートナー、および人事部に通知する必要があります。\n\n監査チームの元メンバーやKPMG AZSAの元パートナーは、KPMG AZSAとのすべての重要な関係を解消し、固定されていない支払いやKPMG AZSAにとって重要な支払いを含む、KPMG AZSAのビジネスや専門活動に参加しなくなるまで、監査クライアントに特定の役割で参加することが禁止されています。\n\n公益性のある監査クライアントのキーオーディットパートナーや監査チェーンのコマンドメンバーは、所定の期間が経過するまで、特定の役割でクライアントに参加することができない「クーリングオフ」期間が適用されます。\n\nKPMG AZSAの専門家が監査クライアントに雇用されることに関連する要件を伝達し、監視しています。\n\n\n\nファームの財務独立性\n\nKPMGメンバーファームは、監査クライアント、その経営陣、取締役、および重要な所有者との禁止された利益や関係からも自由である必要があります。\n\nKPMG AZSAをはじめとする他のKPMGメンバーファームでは、KICSを使用して、ウェブベースの独立性追跡システムに自社の投資（たとえば、年金や退職金プラン、財務活動を通じて行われる投資）を記録しています。この記録は、コンプライアンスプロセスを通じて監視されています。\n\n\n\nビジネス関係/サプライヤー\n\nKPMG AZSAは、IESBAの倫理規定、日本公認会計士法、JICPAが発行する倫理規定、SEC、米国PCAOBルール要件に従ってビジネス関係を維持するように設計されたポリシーと手順を持っています。\n\n\n\n独立性クリアランスプロセス']
7,['すべてのKPMG AZSAパートナーおよび顧客サービスの専門家は、他の特定の個人と同様に、KPMG AZSAに加入した後は毎年、その等級と機能に適した独立性トレーニングを完了しなければなりません。このトレーニングを完了する必要がある新しい担当者は、 (a) KPMG AZSAに参加してから30日以内、または (b) 監査クライアント (その関連団体または関連会社を含む) にサービスを提供したり、その指揮命令系統のメンバーになったりする前に、このトレーニングを完了しなければなりません。\n\nまた、KPMGの贈収賄防止方針、法律、規則、職業上の基準の遵守、および法律、規則、職業上の基準、KPMGの方針の違反の疑いまたは実際の報告を含む、グローバル行動規範、KPMG AZSA行動規範、および倫理的行動に関する研修を隔年で全従業員に提供します。新入社員は、KPMG AZSAに入社してから3ヶ月以内にこのトレーニングを完了する必要があります。\n\n採用時には、KPMGの全職員は、適用される倫理および独立性の規則および方針を遵守していること、および遵守することを確認する必要があります。\n\nその後、KPMGの全従業員は、確認の対象となる年を通して適用される倫理および独立の方針を遵守し、適用される行動規範を理解し、遵守していることを示す年次確認書に署名する必要があります。この確認は、KPMGの独立性ポリシーに対する個人のコンプライアンスと理解を証明するために使用されます。\n\n\n\nパートナー・ローテーション\n\n公認会計士法およびJICPA倫理規範に準拠したローテーション・ポリシーにより、より厳格なローカル・ローテーション要件を遵守することが求められています。\n\nKPMG AZSAパートナーは、適用される法律、規制、独立規則、およびKPMG国際方針に基づき、監査クライアントに対する責任を定期的に交代させられます。\n\nこれらの要件では、特定の役割のパートナーがクライアントに監査サービスを提供できる年数に制限が設けられており、その後、 「タイムアウト」 期間が設けられます。この期間中、これらのパートナーは監査に参加できず、監査の品質管理を提供し、技術的または業界固有の問題について、または監査の結果に何らかの影響を与えることがありますが、エンゲージメントチームまたはクライアントと協議します。\n\nKPMG AZSAは、監査エンゲージメントリーダー(キー監査パートナーやEQCレビュー担当者など、ローテーション要件があるその他の主要な役割)のローテーションを監視し、クライアントに一貫したサービス品質を提供するために必要な能力と能力をパートナーに割り当てることを可能にする移行計画を策定します。パートナーのローテーション・モニタリングは、コンプライアンス・テストの対象となります。\n\n\n\n非監査サービス\n\n私たちは、監査クライアントに提供できるサービスの範囲に関連して、IESBAの原則および適用される法律と規制に合致したポリシーを持っています。\n\nKPMG AZSAが開発したすべての新規および変更サービスをレビューおよび承認するプロセスを確立し、維持する必要があります。KPMG AZSAのEIPは潜在的な独立性の問題のレビューに関与し、Global Independence Groupは複数の管轄区域の監査または保証のクライアントに提供されることを意図して開発されたサービスの場合に関与します。\n\nSentinelTMは、潜在的な利益相反を特定するだけでなく、これらのポリシーの遵守を促進します。\n\nサービスの説明や料金など、契約予定のすべての情報は、契約承認プロセスの一部としてSentinelTMに入力する必要があります。リード監査契約パートナーは、SentinelTMの上場企業、その他の特定の監査クライアント、およびその関連会社のグループ構造を維持する必要があります。また、提案された非監査サービスの提供によって発生する可能性のある独立性の脅威、およびそれらの脅威に対処するために利用可能な保護措置を特定し、評価する責任も負います。SentinelTMは、グループ構造が維持されているエンティティのリード監査契約パートナーが、世界中のこれらのエンティティに提案されているすべてのサービスをレビュー、承認、または拒否できるようにします。\n\n\n\n料金依存\n\nKPMGインターナショナルの方針は、監査意見を表明する会員企業の総報酬のうち、監査クライアントからの総報酬が大きな割合を占める場合には、自己利益または脅迫の脅威が生じる可能性があることを認識しています。'],['KPMG AZSAは、公益性のある見込み監査クライアントに関連する独立性への脅威を特定および評価するための特定の手順を実施しており、これらの手順は、「独立性クリアランスプロセス」とも呼ばれ、これらのエンティティに対する監査業務の受託前に完了しなければなりません。\n\n\n\n独立性の研修と確認\n\nKPMG AZSAのすべてのパートナーおよびクライアントサービス専門家、および特定の他の個人は、KPMG AZSAに参加した際およびその後毎年、自分のグレードと機能に適した独立性研修を受講しなければなりません。この研修を受講する必要がある新入社員は、KPMG AZSAに参加してから30日以内または監査クライアント（その関連会社や関連団体を含む）にサービスを提供する前に、いずれか早い方を選択して研修を受講しなければなりません。\n\nまた、すべての社員に対して、グローバル行動規範、KPMG AZSA行動規範、倫理的行動、KPMGの贈賄防止ポリシー、法令、規制、専門基準の遵守、法令、規制、専門基準、KPMGのポリシーに対する疑わしいまたは実際の違反の報告に関する研修を2年ごとに提供しています。新入社員は、KPMG AZSAに入社してから3か月以内にこの研修を受講する必要があります。\n\n雇用の受諾時に、すべてのKPMG社員は、適用される倫理および独立性のルールおよびポリシーを遵守し、遵守することを確認する必要があります。\n\nその後、すべてのKPMG社員は、確認書に記載された年間を通じて適用される倫理および独立性ポリシーを遵守し続けたこと、および適用される行動規範を理解し遵守したことを示す年次確認書に署名する必要があります。この確認は、個人がKPMGの独立性ポリシーを遵守し理解していることを証明するために使用されます。\n\n\n\nパートナーのローテーション\n\n当社のローテーションポリシーは、公認会計士法およびJICPAの倫理規定と一致しており、当社はより厳格な現地適用ローテーション要件に準拠する必要があります。\n\nKPMG AZSAのパートナーは、適用される法律、規制、独立性ルール、およびKPMGインターナショナルポリシーに基づいて、監査クライアントに対する責任を定期的にローテーションさせる対象となります。\n\nこれらの要件は、特定の役割を担うパートナーがクライアントに監査サービスを提供できる年数に制限を設け、その後、これらのパートナーが監査に参加しない期間（監査の品質管理を提供しない期間、エンゲージメントチームやクライアントと技術的または業界固有の問題について相談しない期間、または監査の結果に何らかの影響を与えない期間）を設けます。\n\nKPMG AZSAは、監査業務責任者（およびローテーション要件がある場合のその他のキーロール、たとえばキーオーディットパートナーやEQCレビュアー）のローテーションを監視し、必要なコンピテンスと能力を持つパートナーを割り当てて、クライアントに一貫した品質のサービスを提供できるように移行計画を策定しています。パートナーのローテーション監視は、コンプライアンステストの対象となります。\n\n\n\n非監査サービス\n\n監査クライアントに提供できるサービスの範囲に関連する、IESBAの原則および適用される法律および規制と一致したポリシーを持っています。\n\nKPMG AZSAによって開発されるすべての新規および改訂されたサービスを審査および承認するプロセスを確立および維持することが求められています。KPMG AZSAのEIPは、潜在的な独立性の問題の審査に関与し、複数の管轄区域で監査または保証クライアントに提供することを意図した開発されたサービスの場合、グローバル・インデペンデンス・グループが関与します。\n\nSentinel™は、これらのポリシーに準拠することを容易にするだけでなく、利益相反の潜在的な問題を特定するのにも役立ちます。']
8,['公益事業体の監査依頼者及びその関連事業体からの報酬の合計が、特定の会員企業が受け取った報酬の合計の10%以上を二年間連続して占めることを求めている。\n\nこれは、監査法人のガバナンス担当者に開示される。および\n\n別のKPMGメンバー企業のEQCレビュー担当者が指名されます。\n\n過去二年間にあずさ監査法人が受領した報酬総額の10%以上を占める監査依頼者はありません。\n\n\n\n利益相反の回避\n\n利害の衝突は、KPMG AZSAの担当者が顧客と個人的に関係しており、客観的であり続ける能力に干渉しているか、または干渉していると認識されている場合、または取引の他の当事者に関する機密情報を個人的に保有している場合に発生する可能性があります。このような状況では、RMPまたはEIPとの協議が必要である。 \n\nすべてのKPMGメンバー企業及び要員は、利害の対立を特定し、管理する責任を負う。利害の対立とは、十分な情報に通じた合理的な観察者によって、客観的であるか、あるいは偏見なしに行動する能力において、メンバー企業又はその要員に影響を及ぼす状況又は状況であると認識され、又は認識される可能性のある状況又は状況である。\n\nすべてのKPMGメンバー企業は、法的および専門的要件に従って対処できるように、潜在的な競合の特定にSentinelTMを使用する必要があります。KPMG AZSAは、特定された潜在的なコンフリクトをレビューし、その結果を文書化しなければならないコンフリクトの解決のために影響を受けるメンバー企業と協働する責任を有するリスク管理リソース (リゾルバ) を有しています。\n\n全ての顧客の業務の秘密性が維持されるように、利益相反が生じる可能性又は生じると認識される可能性を管理するために、特定の手続を適用することが必要な場合がある。このような手順には、例えば、異なる顧客にサービスを提供する契約チーム間に正式な分割を確立すること、およびこのような分割の運用を監視するための取り決めを作成することが含まれる。\n\n紛争の管理方法について合意に達することができない場合には、エスカレーションと紛争解決の手続きが用意されている。\n\n潜在的な競合の問題を適切に軽減できない場合、契約は拒否または終了されます。\n\n\n\n独立政策の違反\n\nKPMGの全職員は、独立性違反を認識した場合、直ちにEIPに報告することが義務付けられており、当社の独立性方針が遵守されなかった場合、それがコンプライアンス審査で特定されたものであるか、自己申告によるものであるか否かにかかわらず、専門家は独立性懲戒方針の対象となります。\n\n\n\nあずさ監査法人は、独立性に関する方針の違反に関する懲戒方針を文書化しています。懲戒方針は、すべての専門家に伝達され、独立性規則のすべての違反に適用され、違反の重大性を反映した段階的な制裁を含む。\n\n\n\n監査人の独立性に関する規則の違反は、監査人と合意した基準に基づいて、少なくとも年1回、監査クライアントのガバナンス担当者に報告される。 \n\n\n\n法令の遵守、贈収賄および汚職防止\n\n法律、規制、基準の遵守は、すべてのKPMG AZSA社員にとって重要な要素です。特に、私たちは賄賂と腐敗に対する許容度がない。\n\n当社は、いかなる種類の贈収賄にも関与することを禁止します。そのような行為は、適用される法律または地域の慣行に基づいて合法または許可されている場合でも同様です。また、クライアント、サプライヤー、公務員を含む第三者による贈収賄も許容しません。\n\nKPMG Internationalの贈収賄および汚職防止政策の詳細については、贈収賄および汚職防止サイトを参照してください。\n\n\nインサイダー取引防止\n\nあずさ監査法人は、インサイダー取引を防止するため、資本市場における情報の信頼性の確立を目的とした社内規則・手続を定めています。これには、被監査法人の有価証券の保有または取引の禁止、日本およびその他の国の上場企業の個人投資を監視するためのウェブベースの独立性追跡システムへの登録が含まれる。\n\nすべてのパートナーおよび従業員は、適切な研修を通じてインサイダー取引の方針を理解し、その期間を通じて適用される方針を遵守していることを毎年確認します。\n\n\n\n適任者の採用・育成・配置'],['すべての見込みエンゲージメントに関する特定の情報（サービスの説明や料金など）は、エンゲージメント受け入れプロセスの一部としてSentinel™に入力する必要があります。リード監査エンゲージメントパートナーは、上場企業および特定の他の監査クライアントおよびその関連会社のグループ構造をSentinel™で維持することが求められており、また、提案された非監査サービスの提供から生じる可能性のある独立性の脅威と、それらの脅威に対処するための利用可能なセーフガードを特定および評価する責任も負っています。Sentinel™は、グループ構造が維持されているエンティティのリード監査エンゲージメントパートナーが、それらのエンティティに対する提案されたサービスを世界中で承認または拒否することを可能にします。\n\n料金依存性\n\nKPMGインターナショナルのポリシーは、監査クライアントからの総料金が、監査意見を表明するメンバーファームの総料金の大部分を占める場合、自己利益または脅迫の脅威が生じる可能性があることを認識しています。\n\n公共利益エンティティ監査クライアントおよびその関連エンティティからの総料金が、2年連続で特定のメンバーファームが受け取る総料金の10％を超える場合、以下の要件が適用されます。\n\n1. 監査エンティティのガバナンスを担当する者に対して開示される。\n2. 別のKPMGメンバーファームからEQCレビュアーが任命される。\n\n過去2年間で、KPMG AZSAが受け取った総料金の10％を超える監査クライアントはありませんでした。\n\n利益相反の回避\n\n利益相反は、KPMG AZSAのスタッフがクライアントとの個人的なつながりを持っており、それが客観性を維持する能力に干渉するか、または干渉すると認識される可能性がある状況、または取引の他の当事者に関する機密情報を個人的に保有している場合に生じる可能性があります。このような状況では、RMPまたはEIPとの相談が必要です。\n\nすべてのKPMGメンバーファームおよびスタッフは、利益相反を特定および管理する責任があります。利益相反とは、十分に情報を持つ合理的な観察者が、メンバーファームまたはそのスタッフが客観的であるか、または偏りなく行動する能力に影響を与えるかもしれないと認識される状況または状況です。\n\nすべてのKPMGメンバーファームは、法的および専門的要件に従ってこれらの問題に対処できるように、潜在的な利益相反の特定のためにSentinel™を使用する必要があります。KPMG AZSAには、潜在的な利益相反を特定し、影響を受けるメンバーファームと協力して利益相反を解決する責任を持つリスク管理リソース（「リゾルバ」）があります。その結果は文書化されなければなりません。\n\n利益相反が生じるか、または生じると認識される可能性を管理するために、特定の手順を適用する必要がある場合があります。これにより、すべてのクライアントの機密性が維持されます。たとえば、異なるクライアントを担当するエンゲージメントチーム間に正式な仕切りを設け、その仕切りの運用を監視する手配をすることが含まれます。\n\nエスカレーションおよび紛争解決手順は、利益相反の管理方法について合意に達することができない状況に適用されます。\n\n潜在的な利益相反の問題が適切に緩和できない場合、エンゲージメントは辞退または終了されます。\n\n独立性ポリシーの違反\n\nすべてのKPMGスタッフは、独立性違反に気付いたらすぐにEIPに報告することが求められています。独立性ポリシーに違反した場合、コンプライアンスレビューで特定された場合、自己申告された場合、またはその他の場合に、専門家は独立性懲戒ポリシーの対象となります。\n\nKPMG AZSAは、独立性ポリシー違反に関する文書化された懲戒ポリシーを持っています。懲戒ポリシーは、すべての専門家に通知され、独立性規則のすべての違反に適用され、違反の深刻さを反映した段階的な制裁が含まれます。\n\n監査人の独立性規制の違反は、監査クライアントのガバナンスを担当する者に報告されます。これは、彼らとの合意に基づいて行われますが、最低限年1回行われます。\n\n法令、規制、および贈賄および腐敗防止への遵守\n\n法令、規制、および基準の遵守は、すべてのKPMG AZSAスタッフにとって重要な側面です。特に、贈賄と腐敗に対してはゼロトレランスです。']
9,['品質の重要な推進要因の1つは、監査において最高の品質を提供するために、専門家が適切なスキルと経験、情熱、目的を持つことを保証することです。そのためには、専門家を適切に採用、育成、昇進させ、定着させることが必要である。KPMGのパフォーマンス開発アプローチは、KPMGの価値観にリンクされており、成功に必要なものを、個別にも集合的にも明確にするように設計されています。監査品質の確保は、KPMG Clara Workflowロールアウトおよび関連する更新されたKPMG監査方法論をサポートするために進行中のトレーニング、計画、および開発の重要な要素であり、プロセスはすべてのKPMG学習プログラムに組み込まれています。\n\n\n\n採用\n\nKPMG AZSAは、従業員が自らの能力を発揮し、誇りを持って最善を尽くすことができる環境を作ることで、選ばれる雇用主になることを目指しています。\n\n\n\n応募者全員が応募書類を提出し、応募者選考、能力ベースの面接、精神測定、能力テストなど、さまざまな選考プロセスを経て採用されます。\n\n\n\nあずさ監査法人は、候補者の元事業主に関する機密情報を一切受け付けません。上級グレード(パートナー、ディレクター)に採用された個人については、EIPが正式な独立性の議論を行う。\n\n\n\nパートナーの採用プロセスは厳格かつ徹底しており、パートナー・ミーティングやシニア・エグゼクティブ・ボードなどの適切なリーダーが関与します。パートナーの採用基準は、プロ意識と誠実さ、品質、そして選ばれる雇用主であることへのコミットメントと一致しています。\n\n\n\n自己啓発\n\n当社のすべての専門家が、質の高い業務を遂行するために必要な技術的スキルに加えて、ビジネスとリーダーシップのスキルを持っていることが重要です。\n\n\n\n監査に関しては、専門家が監査のキャリアの基礎となるスキル、行動、個人的資質を開発する機会が提供される。個人の有効性を高め、技術的スキル、リーダーシップ、ビジネススキルを伸ばすためのコースが用意されています。\n\nさらに、監査期間中、専門的な懐疑主義を高め、維持し、示すことの重要性を確認するために、また、メンバーに詐欺についての指導と訓練の適切な機会を提供するために、各パートナーと雇用主のために、トレーニングセッションが継続的に提供されます。\n\nまた、KPMG AZSAのプロフェッショナルは、仕事の指導や指導、ストレッチ課題、国別ローテーションやグローバルモビリティの機会にアクセスすることで、高いパフォーマンスを実現できるように開発されています。\n\n\n\nインクルーシブ・プログラムとダイバーシティ・プログラム\n\nKPMG AZSAは、インクルーシブな文化の育成に努めています。インクルーシブ (包括的) であることで、最も幅広いスキル、経験、展望を持つ成功したチームをまとめることができます。\n\n多様な個性を持つパートナーや従業員一人ひとりが、互いの違いを尊重し、最大限に活用しながら、「質の高いサービスの提供を通じて、お客さまや社会の監査に貢献」という共通の目標に向けて高い成果を上げることを奨励します。\n\nKPMG AZSAでは、多様で柔軟な働き方ができる環境を整えるために、さまざまな取り組みを行っています。具体的には、グローバル人材の育成に取り組んでいます。女性の就労促進;仕事と出産・育児・介護の両立支援;障害者雇用の促進;多様性を尊重する企業風土の醸成;テレワークの導入や、オフィスワークのスタイル全般の変革などです。\n\nKPMGのインクルージョン&ダイバーシティの詳細については、こちらをご覧ください。\n\n品質および遵守指標を含む評価プロセス\n\nパートナーを含むKPMG AZSAの専門家は、年間目標設定と実績評価を行っています。各プロフェッショナルは、合意された目標、リーダーシップ能力、技術的能力、および市場知識の証明に基づいて評価されます。継続的改善の文化は、同僚だけでなく、後輩や先輩からも、フォーマルでもインフォーマルでもフィードバックを促すことが奨励される。収集されたフィードバックは、パフォーマンスレビューに不可欠な要素です。\n\n\n\nKPMG AZSAは、品質およびコンプライアンスのインシデントを監視し、パートナー、取締役、およびマネージャの総合的な評価、昇進、報酬を評価するための品質指標を維持します。\n\nパートナーは、主要な品質とコンプライアンスの測定基準でも評価されます。'],['適用法または現地の慣行で合法または許可されている場合であっても、あらゆる種類の贈賄への関与を禁止しています。また、第三者による贈賄も容認しません。これには、クライアント、サプライヤー、または公務員による贈賄が含まれます。\n\nKPMGインターナショナルの贈賄および腐敗防止ポリシーに関する詳細情報は、贈賄および腐敗防止サイトで見つけることができます。\n\nインサイダー取引防止\n\nインサイダー取引防止\n\nインサイダー取引を防止するために、KPMG AZSAは、資本市場における情報の信頼性を確立することを目的とした内部規則および手続きを持っています。これには、監査対象の証券の保有や取引の禁止、ウェブベースの独立性追跡システムへの登録を通じて、日本および他の管轄区域での上場企業への個人投資を監視することが含まれます。\n\nすべてのパートナーと従業員は、適切な研修を通じてインサイダー取引ポリシーを理解し、期間中適用されるポリシーに従っていることを毎年確認します。\n\n\n\n適切に資格を持った人材の採用、育成、配置\n\n品質の主要な要因の1つは、専門家が適切なスキルと経験、情熱と目的を持って、最高品質の監査を提供できることを確保することです。これには、適切な採用、育成、昇進、および専門家の配置が必要です。KPMGの業績開発アプローチは、KPMGの価値観にリンクし、個人的および集団的な成功に必要なものを明確にするように設計されています。監査品質の確保は、KPMGクララワークフローの展開とそれに関連する更新されたKPMG監査方法論をサポートするための研修、計画、および開発に不可欠な要素であり、すべてのKPMG研修プログラムに組み込まれています。\n\n\n\n採用\n\nKPMG AZSAは、従業員が潜在能力を発揮し、最善を尽くすことに誇りと意欲を持てる環境を作り出すことで、優れた雇用主であることを目指しています。\n\n\n\nすべての候補者は、応募書類の提出と、応募書類の審査、コンピテンシーに基づく面接、心理テストおよび能力テストを含むさまざまな選考プロセスを経て採用されます。\n\n\n\nKPMG AZSAは、候補者の以前の会社/雇用主からの機密情報を受け入れません。シニアグレード（つまり、パートナー、ディレクター）の個人が採用される場合、EIPによって彼らとの独立性に関する正式な議論が行われます。\n\n\n\nパートナー採用プロセスは厳格で徹底的であり、パートナーズミーティングやシニアエグゼクティブボードを含む適切なリーダーシップメンバーが関与します。パートナー採用の基準は、プロフェッショナリズムと誠実さ、品質、優れた雇用主であることへのコミットメントと一致しています。\n\n\n\n個人の成長\n\nすべての専門家が、技術スキルに加えて、ビジネススキルとリーダーシップスキルを持って質の高い仕事を行うことが重要です。\n\n\n\n監査に関連して、専門家が監査業務におけるキャリアの基盤となるスキル、行動、および個人的資質を開発する機会が提供されます。個人の効果を高め、技術、リーダーシップ、ビジネススキルを開発するためのコースが利用可能です。\n\nさらに、各パートナーおよび従業員に対して、監査全体を通じて専門的懐疑心を高め、維持し、展示する重要性を確保し、詐欺に関する指導および研修の適切な機会を提供するために、研修セッションが継続的に提供されます。\n\nKPMG AZSAの専門家は、仕事でのコーチングやメンタリング、厳しい課題、国内のローテーションおよびグローバルな機動性の機会を通じて、高いパフォーマンスを発揮するために育成されます。\n\n\n\nインクルージョンとダイバーシティプログラム\n\nKPMG AZSAは、包括的な文化を育成するために努力しています。包括的であることにより、最も幅広いスキル、経験、および視点を持つ成功したチームを結集することができます。\n\n私たちは、異なる個性を持つ各パートナーおよび従業員が、互いの違いを尊重し、最大限に活用しながら、「高品質なサービスを提供することで監査クライアントと社会に貢献する」という共通の目標に向かって高いパフォーマンスを達成することを奨励しています。']
10,['これらの評価は、パフォーマンスを評価し、パフォーマンス評価を提案する立場にあるパフォーマンス・マネージャおよびパートナーによって実施されます。KPMG AZSAのポリシーでは、監査パートナーが監査クライアントに保証外サービスを販売した成功に基づいて評価または報酬を受けることを禁止しています。\n\n\n\n\n\n\n\n報酬\n\n当社には、明確かつシンプルで、パートナーにとって主要な監査品質およびコンプライアンス指標の達成を含む、パフォーマンスレビュープロセスにリンクされた報酬および昇進ポリシーがあります。これにより、パートナーや従業員は、自分に何が期待されているのか、見返りとして何を期待できるのかを知ることができます。\n\n報酬の決定は、個人と組織(会員会社)双方の業績を考慮して行われる。従業員が自分の業績を報酬にどの程度反映させているかは、GPSによって測定され、それに応じて行動計画が策定される。\n\n\n\nプロモーション\n\n業績評価の結果は、パートナーおよびスタッフの昇進と報酬に直接影響し、場合によっては、KPMGとの継続的な連携にも影響します。\n\n\n\nパートナーの承認\n\nパートナーシップを承認するためのプロセスは厳格かつ徹底しており、パートナー・ミーティングやシニア・エグゼクティブ・ボードを含む適切なリーダーシップ・メンバーが関与しています。\n\nKPMGのAZSAパートナーシップへの参加を承認するための当社の基準は、プロ意識と誠実さ、品質、そして選択された雇用主であるという当社のコミットメントと一致しています。これらはKPMGの行動能力と強く連携しており、一貫した原則に基づいています。\n\n\n\n専門職の配置\n\nKPMG AZSAは、エンゲージメントパートナーとその他の専門家の両方を、それぞれのスキル、関連する専門的経験および業界での経験、ならびに割り当てまたはエンゲージメントの性質に基づいて、特定のエンゲージメントに割り当てる手順を定めています。\n\nファンクションヘッドは、パートナーの割り当てプロセスを担当します。主な考慮事項には、年間パートナー・ポートフォリオ・レビューに基づくパートナーの経験と能力が含まれます。このレビューでは、契約の規模、複雑性、リスク・プロファイル、および提供されるサポートのタイプ(すなわち、エンゲージメントチームの構成と専門家の関与)を考慮して契約を実行します。\n\n監査契約パートナーは、KAM、プロフェッショナル基準、適用される法律および規制要件に従って監査契約を実行するための適切な能力、トレーニング、および能力 (時間を含む) が契約チームにあることを確認する必要があります。これには、当社または他のKPMGメンバー企業の専門家が関与する場合があります。\n\n\n\nエンゲージメントチーム全体に期待される適切な能力を検討する場合、エンゲージメントパートナーの考慮事項には以下が含まれる。\n\n適切な研修と参加を通じて、監査業務と同様の性質と複雑さを持つ監査業務の理解と実務経験;\n\n職業上の基準、法律上および規制上の要件の理解;\n\n適切な技術的スキル (関連する情報技術及び会計又は監査の専門分野に関するものを含む。);\n\n顧客が事業を行っている関連業界に関する知識;\n\n専門的判断力;\n\nKPMG AZSAの品質管理方針および手順の理解;\n\nQPRの結果及び規制当局による検査の結果、並びに;\n\n我が民族からの洞察 (GPS) 。\n\n\n\n社員を対象とした-People調査 (GPS)\n\n2年に一度、KPMGジャパンは、KPMGで働いた経験についての認識を共有するために、独立したGPSに参加するように私たちのすべての人々を招待します。\n\nGPSは、従業員エンゲージメント指数 (EEI) を通じて従業員のエンゲージメントを総合的に測定し、エンゲージメントを促進する分野 (強みや機会) を洞察します。この調査では、こうした取り組みレベルを強化する機会も特定されています。結果は、追加的な洞察を提供するために、機能的または地理的領域、等級、役割、性別によって分析することができます。また、従業員のエンゲージメントに影響を与えることがわかっているカテゴリについて、私たちがどのように対処しているかについても説明します。\n\nこの調査では、KPMGのAZSAリーダーシップとKPMGのグローバル・リーダーシップに、監査の質に関する結果を具体的に提供しており、KPMGの価値観、品質、リーダーシップ、トーンに対する従業員とパートナーの姿勢を最上位に維持しています。'],['KPMG AZSAは、さまざまなアプローチを採用して、より多様で柔軟な働き方に適した環境を整備しています。具体的な取り組みには、グローバル志向の人材の育成、女性の労働力参加の促進、出産・育児・介護と仕事の両立を支援する取り組み、障害者の雇用促進、多様性を受け入れ、活用する企業文化の創造、テレワークの導入、オフィスの働き方の変革などがあります。\n\nKPMGのインクルージョン＆ダイバーシティに関する詳細は、こちらをご覧ください。\n\n\n\n品質とコンプライアンス指標を含む評価プロセス\n\nKPMG AZSAの専門家、パートナーを含む、は年間の目標設定と業績評価を行います。各専門家は、合意された目標、リーダーシップ能力の実証、技術能力、市場知識に基づいて評価されます。継続的な改善の文化が、ジュニアおよびシニアの同僚、同僚からのフィードバックを促進するように励まされます。収集されたフィードバックは、業績評価の重要な部分を形成します。\n\n\n\nKPMG AZSAは、品質とコンプライアンスの事故を監視し、パートナー、ディレクター、およびマネージャーの全体的な評価、昇進、および報酬の決定に品質指標を維持します。\n\nパートナーも、主要な品質およびコンプライアンス指標に基づいて評価されます。\n\nこれらの評価は、業績評価を行い、パフォーマンス評価を提案できる立場にあるパフォーマンスマネージャーおよびパートナーによって行われます。KPMG AZSAの方針では、監査パートナーが監査クライアントに対する非保証サービスの販売成功に基づいて評価されたり、報酬を受け取ることが禁止されています。\n\n\n\n報酬\n\n報酬\n\n報酬と昇進のポリシーは、明確でシンプルであり、パートナーにとっては、主要な監査品質とコンプライアンス指標の達成を含むパフォーマンス評価プロセスにリンクしています。これにより、パートナーや従業員が自分たちに何が求められているか、そして報酬として何を受け取ることができるかを理解することができます。\n\n報酬の決定は、個人と組織（メンバーファーム）のパフォーマンスの両方を考慮して行われます。GPSを通じて、従業員が自分のパフォーマンスが報酬に反映されていると感じる程度が測定され、それに応じた行動計画が策定されます。\n\n\n\n昇進\n\nパフォーマンス評価の結果は、パートナーやスタッフの昇進や報酬に直接影響し、場合によってはKPMGとの継続的な関係にも影響します。\n\n\n\nパートナー入会\n\nパートナーシップへの入会プロセスは厳格で徹底的であり、パートナーズミーティングやシニアエグゼクティブボードを含む適切なリーダーシップメンバーが関与します。\n\nKPMG AZSAパートナーシップへの入会基準は、プロフェッショナリズムと誠実さ、品質、優れた雇用主であることへのコミットメントと一致しており、KPMGの行動能力と強く連携しており、一貫した原則に基づいています。\n\n\n\nプロフェッショナルの割り当て\n\nKPMG AZSAは、エンゲージメントパートナーとその他のプロフェッショナルを、彼らのスキルセット、関連する専門知識や業界経験、および割り当てやエンゲージメントの性質に基づいて特定のエンゲージメントに割り当てるための手続きを整えています。\n\n機能責任者は、パートナー割り当てプロセスを担当します。主な考慮事項には、パートナーの経験と、エンゲージメントの規模、複雑さ、リスクプロファイル、および提供されるサポートの種類（つまり、エンゲージメントチームの構成と専門家の関与）を考慮して、年次パートナーポートフォリオレビューに基づくキャパシティが含まれます。\n\n監査エンゲージメントパートナーは、エンゲージメントチームがKAM、専門基準、および適用される法的および規制要件に従って監査エンゲージメントを実施するための適切な能力、研修、および能力（時間を含む）を持っていることを確認する必要があります。これには、自社や他のKPMGメンバーファームの専門家を巻き込むことが含まれる場合があります。\n\n\n\nエンゲージメントチーム全体として適切な能力と能力が期待されることを考慮する際、エンゲージメントパートナーの考慮事項には、以下が含まれる場合があります。\n\n適切な研修と参加を通じて、同様の性質と複雑さの監査エンゲージメントに対する理解と実践的な経験;\n\n専門基準および法的および規制要件の理解;\n\n関連する情報技術や会計や監査の専門分野に関連する適切な技術スキル;']
11,['KPMG AZSAは、GPSに参加し、結果を監視し、調査結果を連絡し回答するための適切な措置を講じます。\n\nこれには、以下に関連するGPS結果の監視が含まれます。\n\nトップレベルでの監査の質とトーン;\n\nEEIを通じた従業員の雇用。\n\nGPSの結果もKPMGネットワーク用に集計され、毎年グローバル・ボードに提示され、適切なフォローアップ措置が合意されます。\n\n\n\n優れた技術と質の高いサービス提供への取り組み\n\nKPMG AZSAのすべての専門家には、必要な技術トレーニングとサポートが提供されます。これには、監査、報告、およびリスク管理の経験が豊富な上級専門家で構成される専門家および専門業務部へのアクセスが含まれ、関与チームにリソースを提供するか、または相談に応じる。 \n\nKPMG AZSA内で適切なリソースが利用できない場合は、他のKPMGメンバー企業の高度に熟練したKPMG専門家のネットワークへのアクセスが提供されます。\n\n同時に、監査ポリシーは、専門家に対し、割り当てられた業務について適切な知識と経験を有することを要求する。\n\n\n\n生涯学習戦略\n\n前述の個人の能力開発に加えて、当社の生涯学習戦略は、すべての専門家が技術的能力を維持し、適用される規制および専門能力開発要件を遵守することを要求する方針によって支えられています。\n\n\n\n正式訓練\n\n開発と提供のための年次トレーニングの優先順位は、グローバル、地域、およびKPMG AZSAレベルのAudit Learning and Development運営グループによって特定されます。トレーニングは、クラスルーム、デジタル学習、パフォーマンスサポートを組み合わせて実施され、監査員の業務を支援します。 \n\n監査ラーニング・アンド・デベロップメント・チームは、GSC、ISG、およびメンバー企業のDepartment of Professional Practice (DPP) の対象分野の専門家やリーダーと適宜連携して、トレーニングの質が最高であること、職務遂行に適していること、タイムリーに実施されることを確認します。\n\n\n\nIFRSおよび米国会計基準の適用に関するライセンスおよび必須要件\n\nライセンス\n\nすべてのKPMG AZSAプロフェッショナルは、適用されるプロフェッショナルライセンス規則を遵守し、業務を行う法域における継続的専門能力開発 (CPD) 要件を満たす必要があります。\n\nポリシーと手順は、ライセンス要件への準拠を容易にするように設計されています。\n\n私たちは、業務に従事する監査専門家が、適切な監査、会計、業界に関する知識、および現地の支配的な財務報告の枠組みにおける経験を有していることを保証する責任があります。\n\n\n\n必須要件-IFRSおよび米国会計基準への準拠\n\nIFRSが主要な財務報告の枠組みとなっていない国において、IFRSへの取り組みに携わるパートナー、マネージャー、EQCのレビュアーには、特定の要件があります。同様の方針は、米国会計基準に準拠して作成された財務諸表または財務情報を報告するために米国外で行われる契約、および/または米国監査基準に準拠して監査される契約 (企業の財務報告に対する内部統制 (ICOFR) の有効性に関する報告を含む) にも適用されます。\n\nそのためには、パートナー、マネージャー、およびEQCのレビュー担当者が関連するトレーニングを完了していること、およびエンゲージメントチームが協力してエンゲージメントを実施するための十分な経験を持っているか、または不足を解消するための適切な予防措置を実施していることが必要です。\n\n\n\n専門家ネットワークへのアクセス\n\nKPMG AZSAエンゲージメントチームは、地元のKPMGスペシャリストおよび他のKPMGメンバー企業のスペシャリストのネットワークにアクセスできます。\n\n監査チームのメンバーであり、監査業務に対する専門家の関与について全体的な責任を有する専門家は、その役割を適切に果たすための能力、能力及び客観性を有する。これらの専門家には、監査概念に関する研修が提供される。\n\n特定の監査契約に専門家(例:Information Technology、Tax、Actuarial、Forensic、Valuation)を割り当てる必要性は、監査契約の承認および継続プロセスの一部として考慮される。\n\n\n\n相談文化\n\nKPMGは、意思決定プロセス全体を通してメンバー企業のチームをサポートする強力なコンサルティング文化を奨励し、監査品質の基本的な貢献者です。'],['クライアントが事業を展開する関連業界の知識;\n\n専門的判断力の適用;\n\nKPMG AZSAの品質管理ポリシーおよび手順の理解;\n\nQPRの結果と規制検査の結果、および;\n\n従業員からの洞察（GPS）。\n\n\n\n従業員からのフィードバック - 人々の調査（GPS）\n\nKPMG Japanは、2年に1度、すべての従業員を対象に、独立したGPSに参加して、KPMGでの働く経験に関する認識を共有するよう招待します。\n\nGPSは、従業員エンゲージメント指数（EEI）を通じて従業員のエンゲージメントの全体的な測定を提供するとともに、エンゲージメントを促進する要因が強みであるか、または機会であるかに関する洞察を提供します。また、エンゲージメントレベルを強化する機会を特定します。結果は、機能や地域、グレード、役割、性別によって分析することができ、追加の洞察を提供します。従業員エンゲージメントに影響を与えることが知られているカテゴリーに関して、どのように進んでいるかについての追加の洞察が提供されます。\n\nまた、調査は、監査品質、KPMGの価値観の維持、従業員とパートナーの品質、リーダーシップ、トップのトーンに関する態度に関連する結果をKPMG AZSAリーダーシップおよびKPMGグローバルリーダーシップに提供します。\n\nKPMG AZSAは、GPSに参加し、結果を監視し、調査の結果に対して適切な対応を行います。\n\nこれには、以下に関連するGPS結果の監視が含まれます。\n\n監査品質とトップのトーン;\n\nEEIを通じた従業員のエンゲージメント。\n\nGPSの結果は、KPMGネットワーク全体で集計され、毎年グローバルボードに提出され、適切なフォローアップアクションが合意されます。\n\n\n\n技術的卓越性と品質サービス提供へのコミットメント\n\nすべてのKPMG AZSAプロフェッショナルには、必要な技術研修とサポートが提供されます。これには、専門家やプロフェッショナルプラクティス部門へのアクセスが含まれ、監査、報告、リスク管理の分野で豊富な経験を持つ上級プロフェッショナルがエンゲージメントチームにリソースを提供するか、相談に応じるために構成されています。\n\nKPMG AZSA内に適切なリソースがない場合、他のKPMGメンバーファームの高度にスキルを持つKPMGプロフェッショナルのネットワークへのアクセスが提供されます。\n\n同時に、監査ポリシーでは、プロフェッショナルが割り当てられたエンゲージメントに適切な知識と経験を持っていることが求められます。\n\n\n\nライフタイムラーニング戦略\n\n終身学習戦略\n\n上記のセクションで説明した個人の成長に加えて、終身学習戦略は、すべての専門家が技術的な能力を維持し、適用される規制および専門的な開発要件に準拠することを求めるポリシーによって支えられています。\n\nフォーマルトレーニング\n\n開発と提供のための年間トレーニングの優先順位は、グローバル、地域、およびKPMG AZSAレベルの監査学習および開発の指導グループによって特定されます。トレーニングは、教室、デジタル学習、およびオンザジョブで監査人を支援するためのパフォーマンスサポートを組み合わせて提供されます。\n\n監査学習および開発チームは、GSC、ISG、および適切な場合はメンバーファームの専門職業実践部門（DPP）の主題専門家およびリーダーと連携して、トレーニングが最高品質であり、仕事でのパフォーマンスに関連し、タイムリーに提供されることを確認します。\n\nIFRSおよび米国GAAPエンゲージメントのライセンスと必須要件\n\nライセンス\n\nすべてのKPMG AZSAの専門家は、適用される専門職のライセンス規則に準拠し、彼らが実践する管轄区域での継続的な専門開発（CPD）要件を満たすことが求められます。\n\nポリシーと手順は、ライセンス要件の遵守を容易にするように設計されています。\n\n私たちは、エンゲージメントで働く監査専門家が、適切な監査、会計、業界の知識と経験を持ち、主要な財務報告フレームワークに精通していることを確認する責任があります。\n\n必須要件 - IFRSおよび米国GAAPエンゲージメント']
12,['あずさ監査法人は、相談することが強みであると認識し、困難な事柄や議論のある事柄について相談することを奨励する文化を推進しています。\n\n監査業務の専門家が困難または議論を呼ぶ問題に対処するのを支援するために、業務上の問題に関する意見の相違の解決を促進するための手続を含め、重要な会計および監査上の問題に関する協議および文書化のための手順書が作成されている。\n\nこれらの手順には、不正行為による重大な虚偽表示を示唆する指標が特定された場合の協議のための方針及び手続が含まれる。\n\n監査契約の専門家に対しては、当社の専門業務リソースを通じて適切なコンサルテーションサポートを提供しています。\n\n技術的な監査及び会計サポートは、GSC及びISG、並びにSEC外国人登録者のためのUS Capital Markets Groupを通じて、すべての会員企業及びその専門家に利用可能である。\n\n\n\nグローバル・サービス・センター (GSC)\n\nGSCの使命は、コラボレーション、革新、およびテクノロジーを通じて、KPMGのグローバルな監査ネットワークを成功に導くことです。GSCは、KPMGの監査手法およびKPMGの監査専門家が使用する技術ベースのツールを開発、維持、導入し、効果的かつ効率的な監査を促進します。GSCの監査チームは、監査、IT、データサイエンス、数学、統計などの分野に精通した世界中の専門家で構成されており、KPMGの監査機能をさらに進化させるための多様な経験と革新的な考え方を提供します。\n\n\n\n国際規格グループ (ISG)\n\nISGは、世界中から地理的に参加しているグローバルIFRSおよび国際証券化協会のトピックチームと協働して、IFRSの解釈と加盟企業間の監査要件の一貫性を促進し、新たな問題を特定し、タイムリーにグローバルなガイダンスを策定する。\n\nGSCとISGおよびその活動の詳細については、KPMG国際透明性報告書を参照のこと。\n\n\n\n会員企業の専門的実務担当者\n\n監査及び技術的会計事項に関する適切な相談支援が、我々の専門的実務資源(専門業務部またはDPPと呼ばれる)を通じて監査契約専門家に提供される。DPPは、チーム内またはEQCレビュー担当者と意見の相違がある場合にも、エンゲージメントチームを支援します。未解決の相違点は、最終的な解決のためにシニアパートナーにエスカレーションする必要があります。ISGは、必要に応じて相談することもできます。\n\nKPMGの国際ポリシーには、メンバー企業のDPPに関する最低要件が含まれています。\n\n\n\nビジネス理解と業界知識の開発\n\n品質の重要な部分は、お客様のビジネスと業界を詳細に理解することです。\n\n重要な業界については、関連する業界情報の開発をサポートするために、グローバル監査セクターのリーダーが任命されます。この情報は、KPMG監査ワークフローを通じて監査専門家が利用できるようになっています。\n\nこの知識は、産業監査手続の例及びその他の情報(典型的なリスクや会計プロセスなど)から構成される。さらに、KPMGの監査ワークフローで提供される業界の知識の概要だけでなく、特定の業界に関する一般情報やビジネス情報を提供する業界の概要も利用できます。\n\n\n\n\n\n\n\n\n\n\n\n効果的かつ効率的な監査の実施\n\n監査がどのように行われるかは、最終結果と同様に重要である。KPMGのAZSA要員は、効果的かつ効率的な監査の実施において、特定の重要な行動を示し、特定の方針および手順に従うことが求められています。\n\n\n\n継続的な指導、監督、レビュー\n\n私たちは、スキルが時間をかけて、異なる経験に触れることによって発達することを理解しています。KPMG AZSAは、KPMGの専門家のスキルと能力の開発に投資するために、品質を妥協することなく、継続的な学習環境を促進し、コーチング文化をサポートします。\n\nエンゲージメントパートナーは、エンゲージメントマネージャのサポートを受けて、監査プロセス全体を通じてコーチングと継続的学習の文化を推進し、継続的な監査品質改善の文化を推進するために、監査の実施において模範を示す責任があります。\n\nまた、不正リスクに適切に対応するため、監査の全期間を通じて監督とレビューに関する方針と手続きを定めています。\n\n監査中の継続的な指導、指導、監督には以下が含まれる:'],['IFRSが主要な財務報告フレームワークでない国でのIFRSエンゲージメントに従事するパートナー、マネージャー、およびEQCレビュアーには、特定の要件があります。同様のポリシーは、米国GAAPおよび/または米国監査基準に従って監査された財務報告書または財務情報に関する報告を行うために、米国外で実施されたエンゲージメントに適用されます。これには、エンティティの財務報告に対する内部統制の有効性に関する報告も含まれます。\n\nこれらは、パートナー、マネージャー、およびEQCレビュアーが関連するトレーニングを完了し、エンゲージメントチームが全体として十分な経験を持ってエンゲージメントを実施するか、または不足を解消するための適切なセーフガードを実施していることを要求しています。\n\n専門家ネットワークへのアクセス\n\nKPMG AZSAのエンゲージメントチームは、地元のKPMG専門家のネットワークおよび他のKPMGメンバーファームの専門家にアクセスできます。\n\n監査チームのメンバーであり、監査エンゲージメントでの専門家の関与に全体的な責任を持つ専門家は、役割を適切に果たすための能力、能力、および客観性を持っています。これらの専門家には、監査の概念に関するトレーニングが提供されます。\n\n特定の監査エンゲージメントに専門家（例：情報技術、税務、精算、法医学、評価）を割り当てる必要性は、監査エンゲージメントの受諾および継続プロセスの一部として検討されます。\n\nコンサルテーションの文化\n\nKPMGは、メンバーファームチームの意思決定プロセス全体を支援し、監査品質に大きく貢献するコンサルテーションの強力な文化を奨励しています。\n\nKPMG AZSAは、コンサルテーションが強みと認識され、困難または論争のある問題について相談することを奨励する文化を推進しています。\n\n監査エンゲージメントの専門家が困難または論争のある問題に対処するために、重要な会計および監査問題の相談および文書化、およびエンゲージメント問題に関する意見の相違の解決を容易にする手順が確立されています。\n\nこれらのプロトコルには、詐欺による重大な誤りの兆候が特定された場合の相談のポリシーと手順が含まれています。\n\n適切なコンサルテーションサポートが、専門職業実践リソースを通じて監査エンゲージメントの専門家に提供されます。\n\nGSCおよびISGを通じて、すべてのメンバーファームおよびその専門家に技術監査および会計サポートが提供されます。また、SEC外国登録者向けの米国キャピタルマーケットグループも利用できます。\n\nグローバルサービスセンター（GSC）\n\nGSCのミッションは、協力、革新、および技術を通じてKPMGのグローバル監査事業ネットワークの成功を促進することです。 GSCは、KPMGの監査専門家が効果的かつ効率的な監査を実施するのを支援するために使用されるKPMGの監査方法論および技術ベースのツールを開発、維持、および展開します。 3つのグローバル拠点があり、それぞれの地域に1つずつあり、GSC監査チームは、監査、IT、データサイエンス、数学、統計などの分野の専門家で構成され、世界中から多様な経験と革新的な考え方をもたらしてKPMGの監査能力をさらに進化させています。\n\n国際基準グループ（ISG）\n\nISGは、世界中からの地理的な代表性を持つグローバルIFRSおよびISAトピックチームと連携して、メンバーファーム間のIFRSおよび監査要件の解釈の一貫性を促進し、新興問題を特定し、タイムリーな基準に基づくグローバルガイダンスを開発します。\n\nGSCおよびISGおよびその活動に関する詳細は、KPMG International Transparency Reportで入手できます。\n\nメンバーファームの専門職業実践リソース\n\n監査および技術的会計事項に関する適切な相談支援は、専門職業資源（専門職業実践部門またはDPPとして言及される）を通じて監査エンゲージメント専門家に提供されます。DPPは、チーム内またはEQCレビュアーとの意見の相違がある場合に、エンゲージメントチームを支援します。未解決の相違は、最終決定のためにシニアパートナーにエスカレートする必要があります。必要に応じてISGも相談に利用できます。\n\nKPMGインターナショナルのポリシーには、メンバーファームDPPの最低要件が含まれています。\n\nビジネス理解と業界知識の開発\n\n品質の重要な部分は、クライアントのビジネスと業界を詳細に理解することです。']
13,['計画的な議論への関与パートナーの参加;\n\n監査業務の進捗状況の追跡;\n\n業務を遂行するための十分な時間があるかどうか、指示を理解しているかどうか、業務が業務への計画されたアプローチに従って実施されているかどうかなど、業務チームの個々のメンバーの能力と能力を考慮する;\n\n監査中に発生した重要な問題への取り組みをエンゲージメントチームのメンバーが支援し、計画されたアプローチを適切に修正する;\n\n契約期間中に経験豊富なチームメンバーとの協議事項を特定する。\n\n効果的なメンタリングと監督の重要な部分は、重要な問題が迅速に特定され、議論され、対処されるように、実施された作業を適時に見直すことである。\n\nあずさ監査法人は、不正リスクに対する監査の対応を監督し、審査するための方針及び手続を有する。\n\n\n\nタイムリーな契約品質管理 (EQC) レビュー担当者\n\nEQCレビュアーは、エンゲージメントチームから独立しており、エンゲージメントチームが行ったより重要な決定や判断、および財務諸表の適切性について客観的なレビューを行うための適切な経験と知識を有しています。\n\nEQCレビュー担当者は、すべての上場企業、知名度の高い非上場企業、適用法令に基づくEQCレビューを必要とする契約、およびリスク管理パートナーまたは監査責任者が指定するその他の契約の中間財務情報の関連レビューを含む、監査のために任命される必要があります。\n\nEQCレビューは、審査員の報告日前に行われ、特に以下の事項を含む。\n\n契約チームが下した重要な判断とそれが到達した結論に関連する選定された監査文書のレビュー;\n\n財務諸表及び監査報告書案の検討;\n\n監査人の報告書の作成に当たって得られた結論の評価及び報告書案の妥当性の検討。\n\nエンゲージメントパートナーは最終的には財務報告および監査問題の解決に責任を負いますが、EQCのレビュー担当者は、提起された重要な問題がすべて解決済みであることを確認してから、監査が完了したと見なすことができます。\n\n不正行為による重大な虚偽表示の可能性が確認された場合、EQC審査員は、リスク評価、実施された監査手順、および監査チームによって得られた監査証拠の妥当性を評価する必要がある。\n\nKPMG AZSAは、監査品質管理システムの基本的な部分であるEQC審査員の監査における役割の強化と改善を継続的に追求しています。これを強化するために、次のような多くの措置が取られた。\n\n監査業務に関するEQCレビューのための基本方針の策定;\n\n効果的なレビューを促進するためのEQCレビューに関するガイダンスの発行;\n\n監査リスクについての理解を得ること、EQCレビューに関する問題についてEQCレビュー担当者に問い合わせること、およびEQCレビューの現状を監視すること。\n\nシニアレビュー委員会は、客観的レビューを実施するための適切な経験と知識を有するパートナーで構成され、EQCレビュープロセスの状況を監視し、監査で下された重要な判断を評価する。\n\n\n\n報告\n\n当監査法人の監査報告書は、我が国の監査の基準及び関係法令に準拠して、顧客の計算書類をすべての重要な点において適正に表示しているかについての意見をその内容としている。経験豊富な業務執行社員が、実施した監査に基づいてすべての監査意見を形成する。\n\n\n\n監査人の報告書を作成する際、エンゲージメントパートナーは、DPPとの協議を通じて、広範な報告ガイダンスや技術サポートにアクセスすることができる。エンゲージメントパートナーは、監査人の報告書の利用者に報告すべき重要な事項がある場合には、監査報告書の資格として、あるいは重点事項のパラグラフを含めることにより、上級審査委員会の関与を要請しなければならない。\n\n\n\n洞察力とオープンで誠実な双方向コミュニケーション\n\nガバナンス担当者 (監査役会と呼ばれることが多い) との双方向のコミュニケーションは、監査品質を監査するための鍵であり、報告およびサービス提供の重要な側面である。'],['重要な業界については、グローバル監査セクターリードが任命され、関連する業界情報の開発を支援し、KPMG監査ワークフローを通じて監査専門家に提供されます。\n\nこの知識には、業界監査手順の例やその他の情報（典型的なリスクや会計プロセスなど）が含まれています。また、特定の業界に関する一般的なビジネス情報や業界知識の概要が提供されています。\n\n効果的かつ効率的な監査の実施\n\n監査の実施方法は、最終結果と同じくらい重要です。KPMG AZSAのスタッフは、効果的かつ効率的な監査の実施にあたって、特定の主要な行動を示し、特定のポリシーと手順に従うことが期待されています。\n\n継続的なメンタリング、監督、およびレビュー\n\nスキルは時間とさまざまな経験を通じて開発されることを理解しています。KPMG AZSAは、品質を妥協することなく、KPMGの専門家のスキルと能力の開発に投資するために、継続的な学習環境を推進し、コーチング文化を支援しています。\n\nエンゲージメントパートナーは、エンゲージメントマネージャーの支援を受けて、監査プロセス全体でコーチングと継続的な学習の文化を推進し、監査の実施において模範を示すことで、継続的な監査品質向上の文化を推進する責任があります。\n\nまた、監査中に適切に詐欺リスクに対応するための監督とレビューに関するポリシーと手順があります。\n\n監査中の継続的なメンタリング、コーチング、および監督には、以下が含まれます。\n\nエンゲージメントパートナーが計画の議論に参加すること;\n\n監査エンゲージメントの進捗状況を追跡すること;\n\nエンゲージメントチームの個々のメンバーの能力と能力を考慮し、彼らが十分な時間を持って仕事を行うかどうか、指示を理解しているかどうか、そして仕事が計画されたアプローチに従って行われているかどうかを判断すること;\n\n監査中に発生する重要な問題に対処するために、エンゲージメントチームのメンバーを支援し、計画されたアプローチを適切に修正すること;\n\nエンゲージメント中により経験豊富なチームメンバーとの相談事項を特定すること。\n\n効果的なメンタリングと監督の重要な部分は、実施された作業のタイムリーなレビューであり、重要な問題が迅速に特定、議論、対処されることです。\n\nKPMG AZSAは、詐欺リスクに対する監査対応を監督およびレビューするためのポリシーおよび手順を持っています。\n\nタイムリーなエンゲージメント品質管理（EQC）レビュアー\n\nEQCレビュアーは、エンゲージメントチームとは独立しており、エンゲージメントチームが行ったより重要な決定や判断、および財務諸表の適切性について客観的なレビューを行うための適切な経験と知識を持っています。\n\nすべての上場企業、非上場企業で公的プロファイルが高い企業、適用法令または規制に基づいてEQCレビューが必要なエンゲージメント、およびリスク管理パートナーまたは国の監査責任者が指定するその他のエンゲージメントについて、EQCレビュアーが任命される必要があります。\n\nEQCレビューは、監査報告書の日付の前に行われ、以下の事項が含まれます。\n\nエンゲージメントチームが行った重要な判断に関連する監査文書の選択されたレビューおよびチームが得た結論;\n\n財務諸表と提案された監査報告書のレビュー;\n\n監査報告書の策定における結論の評価および提案された報告書が適切であるかどうかの検討。\n\nエンゲージメントパートナーは、財務報告および監査事項の解決に最終的な責任を負いますが、監査が完了と見なされる前に、EQCレビュアーはすべての重要な質問が解決されたことに満足しなければなりません。\n\n詐欺による重大な誤りの可能性が特定された場合、EQCレビュアーは、監査チームが行ったリスク評価、監査手順、および取得した監査証拠の適切性を評価する必要があります。\n\nKPMG AZSAは、監査品質管理システムの基本的な部分であるEQCレビュアーの役割を強化および改善するために、継続的に努力しています。これを強化するために、いくつかの行動が取られています。\n\n監査エンゲージメントにおけるEQCレビューの基本方針を策定すること;\n\n効果的なレビューを促進するためのEQCレビューに関するガイダンスを発行すること;\n\n監査リスクに関する理解を得るために、EQCレビュアーにEQCレビューの問題を問い合わせ、EQCレビューの現状を監視すること。']
14,['KPMG AZSAでは、監査期間中に発生した問題についてガバナンス担当者に情報を提供することの重要性と、その意見に耳を傾け理解する必要性を強調しています。これは、報告とプレゼンテーション、監査役会への出席、経営陣および監査役との適切な継続的な協議を通じて実現しています。\n\n\n\n我々は、会計方針、会計上の見積り、財務諸表の開示、財務報告システムの設計及び運用における重大な欠陥、監査の過程においてそのような欠陥が我々の注意を引いた場合のコントロール及び未修正の虚偽表示を含む重要な会計実務の適切性の評価のような見識を提供する。\n\n\n\nKPMG研究所\n\nKPMGのグローバルIFRSインスティテュートは、多くの企業に影響を与える会計および監査に関する最新情報を提供し、KPMG会員企業および外部の関係者を支援しています。\n\n例えば、KPMG Global提供のIFRS研究所 (https://home.kpmg/xx/en/home/services/audit/international-financial-reporting-standards.html) やKPMG AZSAのホームページからも簡単にアクセスできます。\n\n\n\n前監事と後任監事との間の連絡\n\n当社は、監査役の異動があった場合の前監査役と後任監査役との間の連絡に関する方針および手順を定めています。これらのコミュニケーションは企業レベルで監視される。\n\n\n\nクライアントの機密性、情報セキュリティ、およびデータプライバシー\n\n顧客の機密保持の重要性は、グローバルおよびKPMGのAZSA行動規範、トレーニング、および年次宣誓供述書/確認プロセスを含むさまざまなメカニズムを通じて強調されており、KPMGのすべての専門家はこれを完了する必要があります。\n\n弊社は、関連するIESBAの要件、およびその他の適用可能な法律、基準、規制に従って、業務に関連する監査文書およびその他の記録の保存期間に関する正式な文書保存ポリシーを持っています。\n\n情報セキュリティについては、幅広い分野で明確な方針を定めています。個人情報の取り扱いについては、各国の個人情報保護法に準拠した個人情報保護方針が定められており、当社の全従業員に関連するトレーニングが必要です。\n\n\n\nリスク関連情報\n\n契約パートナーに変更があった場合、不正リスクを含む重要な監査問題が後続の契約パートナーに伝達されるように、リスク評価およびプロセスに関連する情報を管理するためのシステムが導入されています。\n\n\n\n継続的改善への取り組み\n\nKPMGは、監査の質、一貫性、効率性を継続的に改善することに取り組んでいます。統合された品質モニタリングとコンプライアンスプログラムにより、会員企業は、個々の監査業務とKPMGの品質管理システムの両方について、品質上の欠陥を特定し、根本原因の分析を実施し、是正措置計画を策定、実施し、報告することができる。\n\nKPMGインターナショナルの統合品質・モニタリングプログラムには、品質実績レビュー (QPR) プログラム、リスク・コンプライアンス・プログラム (RCP) 、グローバル・コンプライアンス・レビュー (GCR) プログラムが含まれます。\n\n品質モニタリングとコンプライアンスプログラムはグローバルに管理されており、テストと報告の性質と程度を含め、すべての加盟企業間で一貫したアプローチをとっている。あずさ監査法人は、内部監査と外部監査の結果を比較し、適切な措置を講じます。\n\n\n\n内部監査・コンプライアンスプログラム\n\n監視プログラムでは、次の両方を評価します。\n\n適用される基準、適用される法律および規制、KPMGの国際的なポリシーおよび手順に準拠した業務遂行;\n\nあずさ監査法人がKPMGの国際的な方針及び手続を遵守し、主要な品質管理方針及び手続の妥当性、妥当性及び効果的な運用を行っていること。\n\n統合的モニタリング・プログラムの結果と教訓は内部で伝達され、プログラムの全体的な結果と教訓が考慮され、地域、地域、世界レベルで適切な行動がとられる。\n\nまた、品質管理システムが適切に設計され、効果的に運用されているか、また効果的に運用されているかの評価にも貢献しています。 \n\nKPMGインターナショナルが開発・運営する2つの検査プログラムは、監査・助言機能 (QPRおよびRCP) 全体で毎年実施されています。\n\nさらに、すべての会員企業は、少なくとも3年ごとに部門横断的なGCRプログラムの対象となる。'],['シニア・レビュー・ボードは、客観的なレビューを行うための適切な経験と知識を持つパートナーで構成され、EQCレビュー・プロセスの状況を監視し、監査で行われた重要な判断を評価します。\n\n報告\n\n日本の監査基準および関連法規は、監査報告書の形式と内容を大幅に規定しており、クライアントの財務諸表がすべての重要な点で適正に表示されているかどうかについての意見が含まれます。経験豊富なエンゲージメント・パートナーは、実施された監査に基づいてすべての監査意見を形成します。\n\n監査報告書の作成にあたって、エンゲージメント・パートナーは、DPPとの相談を通じて、広範な報告ガイダンスと技術サポートを利用できます。エンゲージメント・パートナーは、監査報告書のユーザーに報告すべき重要な事項がある場合、監査報告書への適格性の追加または強調事項の段落の追加を求める必要があります。\n\n洞察力のある、オープンで正直な双方向のコミュニケーション\n\n監督・監査役会との双方向のコミュニケーションは、監査品質の鍵であり、報告とサービス提供の重要な側面です。\n\nKPMG AZSAでは、監査を通じて発生する問題について、監督・監査役会に情報を提供し、彼らの意見を聞き、理解することの重要性を強調しています。これは、報告書やプレゼンテーション、監査・監査役会への出席、および適切な場合には経営陣や監査・監査役会のメンバーとの継続的な議論を通じて実現しています。\n\n私たちは、重要な会計慣行の適切性に関する評価、会計方針、会計見積もり、財務諸表の開示、監査の過程で注意が向けられた財務報告システムの設計と運用における重大な欠陥、および未訂正の誤りに関する洞察を提供します。\n\nKPMGインスティテュート\n\nKPMGのグローバルIFRSインスティテュートは、多くの企業に影響を与える会計および監査に関する最新情報を提供し、KPMGメンバーファームおよび外部関係者を支援します。\n\n例えば、KPMGグローバルが提供するIFRSインスティテュート（https://home.kpmg/xx/en/home/services/audit/international-financial-reporting-standards.html）やKPMG AZSAのウェブサイトでは、情報へのアクセスが容易になっています。\n\n前任監査人と後任監査人とのコミュニケーション\n\n監査人が変更された場合の前任監査人と後任監査人とのコミュニケーションに関するポリシーと手順を確立しており、これらのコミュニケーションはファームレベルで監視されています。\n\nクライアントの機密保持、情報セキュリティ、データプライバシー\n\nクライアントの機密性を維持する重要性は、グローバルおよびKPMG AZSAの行動規範、研修、およびすべてのKPMGプロフェッショナルが完了する必要がある年次宣誓/確認プロセスを含むさまざまなメカニズムを通じて強調されています。\n\n監査文書や関連する記録の保管期間に関する正式な文書保管ポリシーを策定し、関連するIESBA要件およびその他の適用可能な法律、基準、規制に従っています。\n\n情報セキュリティに関する明確なポリシーを策定しており、幅広い分野をカバーしています。現地の個人情報保護法に準拠したデータプライバシーポリシーがあり、個人情報の取り扱いに関するポリシーと関連する研修がKPMG AZSAの全従業員に必要とされています。\n\nリスク関連情報\n\nエンゲージメント・パートナーが変更された場合に、監査上の重要な問題（詐欺リスクを含む）が後継のエンゲージメント・パートナーに伝達されるように、リスク評価に関する情報を管理するシステムとプロセスを整備しています。\n\n継続的な改善への取り組み\n\nKPMGは、監査の品質、一貫性、効率を継続的に向上させることに取り組んでいます。統合された品質監視およびコンプライアンスプログラムにより、メンバーファームは品質不足を特定し、根本原因分析を行い、個々の監査エンゲージメントおよびKPMGの品質管理システムに関する改善策の策定、実施、報告を行うことができます。\n\nKPMGインターナショナルの統合品質監視およびコンプライアンスプログラムには、品質パフォーマンスレビュー（QPR）プログラム、リスクコンプライアンスプログラム（RCP）、およびグローバルコンプライアンスレビュー（GCR）プログラムが含まれています。']
15,['QPR、RCP、GCRへの参加は、KPMGネットワークの継続的なメンバーシップの条件です。\n\nまた、当社の品質管理システムに基づき、不正リスクへの対応を監視・監査するため、以下のプロセスを確実に実施しています。\n\n顧客および契約の承認と継続;\n\n教育・訓練\n\n監査プロセス(監督とレビュー、社内外からの情報への対応、協議、EQCのレビュー担当者とパートナーのローテーションなど);\n\n前監査人と後任監査人との間の連絡。\n\n\n\n監査品質パフォーマンスレビュー (QPR)\n\nQPRプログラムでは、エンゲージメントレベルのパフォーマンスを評価し、エンゲージメントの質を向上させる機会を特定します。\n\n各契約リーダーは、少なくとも3年間のサイクルで1回レビューを受けます。契約の選択にはリスクベースのアプローチが用いられる。\n\nKPMG AZSAは、KPMG国際QPR要領に従い、年次QPRプログラムを実施します。\n\nレビューはKPMG AZSAレベルで実施され、地域的および世界的に監視される。\n\nメンバー企業の監査QPRレビューは、メンバー企業から独立した上級の経験豊富な主任レビュー担当者が監督する。\n\n\n\n(レビュー担当者の選択、準備、プロセス)\n\n査読者の選定には確固とした基準がある。\n\nプロセスを監督するチームやその他のメンバーをレビューするためのトレーニングが提供され、監査監督当局によって特定された懸念事項や、外部のレビュー担当者と同様に厳格である必要性に焦点が当てられている。\n\n\n\n(QPRからの評価)\n\nエンゲージメントレーティングとメンバー企業の監査業務評価を決定するために一貫した基準が用いられる。レビュー対象として選択された監査契約は、 「満足」 、 「必要なパフォーマンスの向上」 、または 「不満」 と評価されます。\n\n\n\n(報告)\n\nQPRプログラムから得られた知見は、文書によるコミュニケーションを通じて会員企業の専門家に伝えられる。社内トレーニングツール;パートナー、マネージャ、スタッフによる定期的なミーティングを実施しています。継続的な改善の程度を評価するために、これらの領域は後続の検査プログラムでも強調される。\n\n主監査契約パートナーは、それぞれのクロスボーダー契約について、満足度の低い契約(「パフォーマンスの向上が必要」 または 「不十分」 と定義される)評価を通知されます。\n\nまた、QPRにおいて重要な品質問題が指摘された場合には、取引先グループの子会社・関連会社が会員企業の監査を受けていることを、親会社・本社のリード監査契約パートナーに通知する。\n\n\n\nリスク・コンプライアンス・プログラム (RCP)\n\nKPMG Internationalは、すべての会員企業に適用される品質管理ポリシーとプロセスを開発し、維持します。これらのポリシーとプロセス、およびそれらに関連する手順には、ISQC 1の要件が含まれています。\n\n年次RCPでは、品質管理と手順の文書化からなる堅牢な評価プログラムを実施します。関連コンプライアンス試験;例外、行動計画および結論の報告。\n\nRCPの目的は次のとおりです。\n\nKPMG AZSA品質管理システムがグローバル品質・リスクマネジメント方針および専門的サービスの提供に関連する主要な法律および規制要件にどの程度準拠しているかを監視、文書化し、評価する;\n\nKPMG AZSAが、会社およびその従業員が関連する職業上の基準および適用される法律および規制の要件に準拠しているかどうかを評価するための基礎を提供する。\n\n不具合が確認された場合は、適切なアクションプランを策定し、各アクションアイテムの状況を監視する必要があります。\n\n\n\nGlobal Compliance Review (GCR) プログラム\n\n各会員企業は、KPMGインターナショナルのGCRチームが会員企業から独立して実施するGCRの対象となります。\n\nレビューを実施するGCRチームは、KPMGメンバー企業とは独立しており、グローバル品質およびリスクマネジメント方針に関する客観的かつ知識を有している。GCRは、選定されたKPMGの国際的な方針と手続きの遵守状況を評価し、メンバー企業間でベストプラクティスを共有する。\n\nGCRは、以下の項目について独立した評価を提供している。\n\n品質とリスクマネジメント(トップのトーン)に対するメンバー企業のコミットメント、およびその全体的な構造、ガバナンス、資金調達がどの程度サポートされ、このコミットメントを強化しているか;\n\n主要なKPMGの方針と手続きに対する会員企業のコンプライアンス;'],['品質監視およびコンプライアンスプログラムは、すべてのメンバーファームでグローバルに管理され、テストおよび報告の方法および範囲が一貫しています。KPMG AZSAは、内部監視プログラムの結果と外部検査プログラムの結果を比較し、適切な対策を講じます。\n\n内部監視およびコンプライアンスプログラム\n\n監視プログラムは、以下の両方を評価します。\n\n適用される基準、適用される法律および規制、およびKPMGインターナショナルのポリシーおよび手順に準拠したエンゲージメントの実施;\n\nKPMG AZSAのKPMGインターナショナルのポリシーおよび手順への遵守および主要な品質管理ポリシーおよび手順の関連性、適切性、および効果的な運用。\n\n統合監視プログラムの結果と教訓は、内部で伝達され、プログラム全体の結果と教訓は、ローカル、地域、およびグローバルレベルで検討され、適切な対策が講じられます。\n\n私たちの内部監視プログラムは、品質管理システムが適切に設計され、効果的に実施されているかどうか、また効果的に機能しているかどうかを評価するのにも寄与しています。\n\nKPMGインターナショナルが開発・運営する2つの検査プログラム、QPRおよびRCPが、監査およびアドバイザリー機能全体で毎年実施されています。\n\nさらに、すべての加盟事務所は、クロスファンクショナルなGCRプログラムによって、少なくとも3年に1回カバーされています。\n\nQPR、RCP、およびGCRへの参加は、KPMGネットワークの継続的なメンバーシップの条件です。\n\nさらに、品質管理システムに従って、以下のプロセスを実施して、詐欺リスクへの監査対応を監視することを確認します。\n\nクライアントおよびエンゲージメントの受け入れと継続;\n\n指導と研修：\n\n監査プロセス（監督とレビュー、事務所内外からの情報への対応、相談、適時なEQCレビュアーとパートナーのローテーションを含む）;\n\n前任監査人と後任監査人とのコミュニケーション。\n\n\n\n監査品質パフォーマンスレビュー（QPR）\n\nQPRプログラムは、エンゲージメントレベルのパフォーマンスを評価し、エンゲージメント品質を向上させる機会を特定します。\n\n各エンゲージメントリーダーは、3年周期で少なくとも1回レビューされます。リスクベースのアプローチがエンゲージメントの選択に使用されます。\n\nKPMG AZSAは、KPMGインターナショナルのQPR指示に従って、年次QPRプログラムを実施しています。\n\nレビューはKPMG AZSAレベルで実施され、地域およびグローバルで監視されています。\n\n加盟事務所の監査QPRレビューは、加盟事務所から独立した経験豊富なリードレビュアーによって監督されています。\n\n\n\n（レビュアーの選択、準備、およびプロセス）\n\nレビュアーの選択には厳格な基準があります。\n\nレビューチームおよびプロセスを監督する他の者に対して研修が提供され、監査監督機関が特定した懸念事項や外部レビュアーと同じくらい厳格である必要性に焦点を当てています。\n\n\n\n（監査QPRからの評価）\n\n一貫した基準が、エンゲージメント評価および加盟事務所の監査業務評価を決定するために使用されます。レビューの対象となる監査エンゲージメントは、「満足」「改善が必要」「不満足」のいずれかで評価されます。\n\n\n\n（報告）\n\nQPRプログラムからの調査結果は、書面によるコミュニケーション、内部研修ツール、定期的なパートナー、マネージャー、およびスタッフ会議を通じて、加盟事務所の専門家に伝達されます。これらの分野は、継続的な改善の程度を測定するために、後続の検査プログラムでも強調されます。\n\nリード監査エンゲージメントパートナーは、それぞれのクロスボーダーエンゲージメントにおいて、「改善が必要」または「不満足」と評価された不十分なエンゲージメントについて通知されます。\n\nさらに、親会社/本社のリード監査エンゲージメントパートナーは、クライアントグループの子会社/関連会社がQPR中に重大な品質問題が特定された加盟事務所によって監査された場合に通知されます。\n\n\n\nリスクコンプライアンスプログラム（RCP）\n\nKPMGインターナショナルは、すべての加盟事務所に適用される品質管理ポリシーおよびプロセスを開発および維持しています。これらのポリシーおよびプロセス、および関連する手順には、ISQC 1の要件が含まれています。']
16,['メンバー企業が独自のコンプライアンス・プログラム (RCP) を実行する際の堅牢性。\n\n我々は、全てのGCRの所見に対応するための行動計画を策定し、GCRチームと合意する。行動計画の進捗状況は、GCRの中央チームによって監視されている。その結果は、グローバル品質・リスクマネジメント運営グループ (GQ&RMSG) に報告され、必要に応じてKPMGインターナショナルおよび地域のリーダーシップを適切に発揮し、メンバー企業が迅速に是正措置を講じることができるよう支援します。\n\n\n\nルートコーズ分析 (RCA)\n\nKPMG AZSAは、監査品質問題の再発を防止し、継続的改善の一環としての優良事例の特定を支援するために、監査品質問題を特定し対処するRCAを実施します。\n\nRCAを実施し、それによって特定された監査の質の問題に対する適切な是正計画を特定し、その後に策定することは、メンバー企業の責任である。\n\nKPMG AZSAの監査責任者は、ソリューション所有者の特定を含む、RCAの結果としてのアクションプランの策定と実施について責任を負います。リスク管理パートナーは、その実施を監視する。\n\n\n\n改善のための推奨事項\n\nグローバルレベルでは、GAQSCとGQ&RMSGを通じて、KPMGインターナショナルは品質監視プログラムの結果をレビューし、メンバー企業の根本原因とアクションプランを分析し、必要に応じて追加のグローバルアクションを開発します。\n\nこれまで、KPMG Internationalが開発した世界規模の修復計画は、KPMGネットワーク全体の文化と行動を変化させ、KPMGメンバー企業内でのエンゲージメントチームの一貫した成果を推進することを目的としていました。修復計画は、一貫性を促進するためのグローバルなトレーニング、ツール、およびガイダンスの開発を通じて実施されています。また、基本が正しく、ベストプラクティスがKPMGネットワーク全体で共有されていることを確認します。\n\n\n\n外部からのフィードバックと対話\n\nレギュレータ\n\n公認会計士・監査審査会 (CPAAOB) は、JICPAによる品質管理審査を監督し、JICPAの公正性、中立性及び影響力を確認している。\n\nCPAAOBは、JICPAによる品質管理審査報告書を審査・審査するとともに、必要と認められる場合には、JICPA、監査法人等に対して立入検査を行う。\n\n国際レベルでは、KPMGインターナショナルは独立監査規制者国際フォーラム (IFIAR) と定期的に双方向のコミュニケーションを行い、監査の質に関する調査結果と、このような問題にネットワークレベルで対処するために取られた措置について議論しています。\n\n\n\nお客様からのフィードバック\n\nお客さまからのご意見を積極的に取り入れ、お客さまの満足度を把握しています。\n\n私たちはこのフィードバックを受け、顧客のニーズを満たすために、エンゲージメントレベルと企業レベルの両方でダイナミックな変更を行うよう努めています。\n\n\n\nType_cleaned.................................................................................................................................................................................................................................................2019/08/05._Complete_201907w.docx. SAVEDATE  \\@ yyyy/MM/dd \n\n\n\n© 2020です。無断複写・転載を禁ず。\n\n© 2020です。無断複写・転載を禁ず。1\n\n23'],['年次RCPでは、品質管理および手順の文書化、関連するコンプライアンステスト、および例外、アクションプラン、および結論の報告からなる堅牢な評価プログラムを実施します。\n\nRCPの目的は、以下の通りです。\n\nKPMG AZSAの品質管理システムが、グローバル品質およびリスク管理ポリシーおよび専門サービスの提供に関連する主要な法的および規制要件との適合性を監視、文書化、および評価すること；\n\nKPMG AZSAが、関連する専門基準および適用される法的および規制要件を遵守しているかどうかを評価するための基盤を提供すること。\n\n不備が特定された場合、適切なアクションプランを策定し、各アクション項目の状況を監視することが求められます。\n\n\n\nグローバルコンプライアンスレビュー（GCR）プログラム\n\n各加盟事務所は、少なくとも3年に1回、KPMGインターナショナルのGCRチームが実施するGCRを受けることになっています。\n\nGCRチームは、KPMG加盟事務所とは独立しており、客観的であり、グローバル品質およびリスク管理ポリシーに精通しています。GCRは、KPMGインターナショナルの選択されたポリシーおよび手順の遵守を評価し、加盟事務所間でベストプラクティスを共有します。\n\nGCRは、以下の独立した評価を提供します。\n\n加盟事務所の品質およびリスク管理への取り組み（トーン・アット・ザ・トップ）と、その全体的な構造、ガバナンス、および資金調達がこの取り組みを支援および強化する程度；\n\n加盟事務所が主要なKPMGポリシーおよび手順を遵守しているかどうか；\n\n加盟事務所が自身のコンプライアンスプログラム（RCP）をどの程度堅牢に実施しているか。\n\nすべてのGCR調査結果に対応するアクションプランを策定し、GCRチームと合意します。アクションプランの進捗は、GCR中央チームによって監視されます。結果は、Global Quality & Risk Management Steering Group（GQ&RMSG）に報告され、必要に応じて適切なKPMG Internationalおよび地域のリーダーシップに報告され、メンバーファームによる迅速な是正措置が確保されます。\n\nルート原因分析（RCA）\n\nKPMG AZSAは、RCAを実施して監査品質の問題を特定・対処し、それらが再発しないようにし、継続的な改善の一環として良い実践を特定することを目的としています。\n\nメンバーファームの責任は、RCAを実施し、それによって監査品質の問題を特定し、適切な是正計画を策定することです。\n\nKPMG AZSAの監査責任者は、RCAの結果としてのアクションプランの策定と実施、およびソリューションオーナーの特定に責任を持ちます。リスク管理パートナーは、その実施を監視します。\n\n改善のための推奨事項\n\nグローバルレベルでは、GAQSCおよびGQ&RMSGを通じて、KPMG Internationalは品質監視プログラムの結果をレビューし、メンバーファームのルート原因とアクションプランを分析し、必要に応じて追加のグローバルアクションを開発します。\n\nこれまでに、KPMG Internationalが開発したグローバルな是正計画は、KPMGネットワーク全体での文化と行動の変革を目指し、KPMGメンバーファーム内での一貫したエンゲージメントチームのパフォーマンスを促進することを目的としています。是正計画は、一貫性を確保し、基本が正しく、ベストプラクティスがKPMGネットワーク全体で共有されるように、グローバルなトレーニング、ツール、ガイダンスの開発を通じて実施されています。\n\n外部からのフィードバックと対話\n\n規制当局\n\n公認会計士・監査審査委員会（CPAAOB）は、規制当局として、JICPAによる品質管理レビューの公平性、中立性、有効性を確認するために監視を行っています。\n\nCPAAOBは、JICPAによる品質管理レビューの報告書をレビュー・検討し、必要に応じてJICPA、監査事務所などの現地検査を実施します。\n\n国際レベルでは、KPMG Internationalは、International Forum of Independent Audit Regulators（IFIAR）と定期的に双方向のコミュニケーションを行い、監査品質の調査結果やネットワークレベルでの問題対処に関するアクションを議論します。\n\nクライアントからのフィードバック\n\nクライアントからのフィードバックを積極的に求め、提供されたサービスに対する満足度を監視します。\n\nこのフィードバックを受けて、エンゲージメントレベルおよびファームレベルでのダイナミックな変更を行い、クライアントのニーズに応えるよう努めます。\n\n23\n\nTyp済_cleanコメント集約版131条通知記載事項_Complete_201907w.docx - 2019/08/05\n\n© 2019 . All rights reserved.\n\n© 2019 . All rights reserved.1']
